,01,02,09
0,01/10/2020 07:53:31						ProcessName - UnlockPCA - input : -LIBJU2,02/10/2020 04:14:37	MAJOS4	Maria Jose Malpartida				ProcessName - ClearVODeletedOrder - Start,30/09/2020 00:48:33	BALAS2	Balashanmugam S				ProcessName - ClearVODeletedOrder - Start
1,01/10/2020 07:53:32						ProcessName - UnlockPCA - End,02/10/2020 04:14:42	MAJOS4	Maria Jose Malpartida				ProcessName - ClearVODeletedOrder - End,30/09/2020 00:48:37	BALAS2	Balashanmugam S				ProcessName - ClearVODeletedOrder - End
2,01/10/2020 07:53:37	LIBJU2	Lisa Lidell				ProcessName - ClearVODeletedOrder - Start,02/10/2020 04:22:05	MAJOS4	Maria Jose Malpartida				ProcessName - CreatePCA - Start,30/09/2020 02:48:35	BALAS2	eypgb0rl3gimdvmmczbcv3mx				Logout - pages_pcahome_aspx	Action : ctl00$TimedOut	Arg : 
3,01/10/2020 07:53:40	LIBJU2	Lisa Lidell				ProcessName - ClearVODeletedOrder - End,02/10/2020 04:22:05	MAJOS4	Maria Jose Malpartida				ProcessName - CreatePCA - End - 11445,30/09/2020 07:54:00						ProcessName - UnlockPCA - input : -AMAK
4,01/10/2020 07:58:02	LIBJU2	Lisa Lidell				ProcessName - UnlockPCA - input : -LIBJU2,02/10/2020 10:24:52	NNJA	Anja Höhr Marion				ProcessName - ClearVODeletedOrder - Start,30/09/2020 07:54:01						ProcessName - UnlockPCA - End
5,01/10/2020 07:58:03	LIBJU2	Lisa Lidell				ProcessName - UnlockPCA - End,02/10/2020 10:24:56	NNJA	Anja Höhr Marion				ProcessName - ClearVODeletedOrder - End,30/09/2020 07:54:04	AMAK	Ann-Margreth Andersson				ProcessName - ClearVODeletedOrder - Start
6,01/10/2020 08:10:45						ProcessName - UnlockPCA - input : -CABIN8,02/10/2020 10:32:01	OJSS	Maria Bergman				ProcessName - ClearVODeletedOrder - Start,30/09/2020 07:54:08	AMAK	Ann-Margreth Andersson				ProcessName - ClearVODeletedOrder - End
7,01/10/2020 08:10:45						ProcessName - UnlockPCA - End,02/10/2020 10:32:04	OJSS	Maria Bergman				ProcessName - ClearVODeletedOrder - End,30/09/2020 07:54:12	AMAK	Ann-Margreth Andersson				ProcessName - ClearVODeletedOrder - Start
8,01/10/2020 09:24:05	SUARO2	Sumit Arora				ProcessName - ClearVODeletedOrder - Start,02/10/2020 10:55:14	OJSS	Maria Bergman				ProcessName - LockPCA - input : 08564-OJSS,30/09/2020 07:54:14	AMAK	Ann-Margreth Andersson				ProcessName - ClearVODeletedOrder - End
9,01/10/2020 09:24:12	SUARO2	Sumit Arora				ProcessName - ClearVODeletedOrder - End,02/10/2020 10:55:14	OJSS	Maria Bergman				ProcessName - LockPCA - output : 0,30/09/2020 08:40:32	LIBJU2	Lisa Lidell				ProcessName - ClearVODeletedOrder - Start
10,01/10/2020 09:25:56	SUARO2	Sumit Arora				ProcessName - UnlockPCA - input : -SUARO2,02/10/2020 11:05:27	LYSIU1	Lya Siu Benavides				ProcessName - ClearVODeletedOrder - Start,30/09/2020 08:40:36	LIBJU2	Lisa Lidell				ProcessName - ClearVODeletedOrder - End
11,01/10/2020 09:25:56	SUARO2	Sumit Arora				ProcessName - UnlockPCA - End,02/10/2020 11:05:31	LYSIU1	Lya Siu Benavides				ProcessName - ClearVODeletedOrder - End,30/09/2020 08:51:45	LIBJU2	Lisa Lidell				ProcessName - ClearVODeletedOrder - Start
12,01/10/2020 09:26:02	SUARO2	Sumit Arora				ProcessName - UnlockPCA - input : -SUARO2,02/10/2020 11:05:45	OJSS	Maria Bergman				ProcessName - SaveWhatAndHow-Save WHY and How data - Start PCA No:08564,30/09/2020 08:51:49	LIBJU2	Lisa Lidell				ProcessName - ClearVODeletedOrder - End
13,01/10/2020 09:26:02	SUARO2	Sumit Arora				ProcessName - UnlockPCA - End,02/10/2020 11:05:45	OJSS	Maria Bergman				ProcessName - SaveWhatAndHow-Save WHY and How data - End,30/09/2020 08:52:20	LIBJU2	Lisa Lidell				ProcessName - CreatePCA - Start
14,01/10/2020 09:26:08	SUARO2	Sumit Arora				ProcessName - UnlockPCA - input : -SUARO2,02/10/2020 11:15:56	JOSAL9	Josefin Sällberg				ProcessName - ClearVODeletedOrder - Start,30/09/2020 08:52:20	LIBJU2	Lisa Lidell				ProcessName - CreatePCA - End - PCA name already exists
15,01/10/2020 09:26:08	SUARO2	Sumit Arora				ProcessName - UnlockPCA - End,02/10/2020 11:16:00	JOSAL9	Josefin Sällberg				ProcessName - ClearVODeletedOrder - End,30/09/2020 08:52:23	KARAM1	Karthika Ramasamy				ProcessName - ClearVODeletedOrder - Start
16,01/10/2020 09:26:18	SUARO2	Sumit Arora				ProcessName - UnlockPCA - input : -SUARO2,02/10/2020 11:49:20	OJSS	Maria Bergman				ProcessName - SaveWhatAndHow-Save WHY and How data - Start PCA No:08564,30/09/2020 08:52:27	LIBJU2	Lisa Lidell				ProcessName - CreatePCA - Start
17,01/10/2020 09:26:18	SUARO2	Sumit Arora				ProcessName - UnlockPCA - End,02/10/2020 11:49:21	OJSS	Maria Bergman				ProcessName - SaveWhatAndHow-Save WHY and How data - End,30/09/2020 08:52:28	LIBJU2	Lisa Lidell				ProcessName - CreatePCA - End - 11285
18,01/10/2020 09:26:40	SUARO2	Sumit Arora				ProcessName - UnlockPCA - input : -SUARO2,02/10/2020 12:11:45	OJSS	Maria Bergman				ProcessName - SaveWhatAndHow-Save WHY and How data - Start PCA No:08564,30/09/2020 08:52:31	KARAM1	Karthika Ramasamy				ProcessName - UnlockPCA - input : -KARAM1
19,01/10/2020 09:26:40	SUARO2	Sumit Arora				ProcessName - UnlockPCA - End,02/10/2020 12:11:46	OJSS	Maria Bergman				ProcessName - SaveWhatAndHow-Save WHY and How data - End,30/09/2020 08:52:31	KARAM1	Karthika Ramasamy				ProcessName - UnlockPCA - End
20,01/10/2020 09:27:04	SUARO2	Sumit Arora				ProcessName - UnlockPCA - input : -SUARO2,02/10/2020 12:25:03	NNJA	jp4hf4cxwydsuaqepmu2qgjs				Logout - pages_pcahome_aspx	Action : ctl00$TimedOut	Arg : ,30/09/2020 08:52:31	KARAM1	at4qq5ve0k3w3eahcv4slkiz				Logout - pages_pcahome_aspx	Action : ctl00$lnkLogOff	Arg : 
21,01/10/2020 09:27:04	SUARO2	Sumit Arora				ProcessName - UnlockPCA - End,02/10/2020 12:25:04						ProcessName - UnlockPCA - input : -NNJA,30/09/2020 08:52:31						ProcessName - UnlockPCA - input : -KARAM1
22,01/10/2020 09:28:25	SUARO2	Sumit Arora				ProcessName - UnlockPCA - input : -SUARO2,02/10/2020 12:25:04						ProcessName - UnlockPCA - End,30/09/2020 08:52:31						ProcessName - UnlockPCA - End
23,01/10/2020 09:28:26	SUARO2	Sumit Arora				ProcessName - UnlockPCA - End,02/10/2020 12:25:11	NNJA	Anja Höhr Marion				ProcessName - ClearVODeletedOrder - Start,30/09/2020 08:52:49	BALAS2	Balashanmugam S				ProcessName - ClearVODeletedOrder - Start
24,01/10/2020 09:28:38	SUARO2	Sumit Arora				ProcessName - UnlockPCA - input : -SUARO2,02/10/2020 12:25:16	NNJA	Anja Höhr Marion				ProcessName - ClearVODeletedOrder - End,30/09/2020 08:52:52	BALAS2	Balashanmugam S				ProcessName - ClearVODeletedOrder - End
25,01/10/2020 09:28:38	SUARO2	Sumit Arora				ProcessName - UnlockPCA - End,02/10/2020 12:32:01	OJSS	jataffx0jfk1nrwgbz5ded3d				Logout - pages_pcahome_aspx	Action : ctl00$TimedOut	Arg : ,30/09/2020 08:53:09	LIBJU2	Lisa Lidell				ProcessName - LockPCA - input : 11285-LIBJU2
26,01/10/2020 09:28:38	SUARO2	dlf5uxyebrif441js1igysl3				Logout - pages_pcahome_aspx	Action : ctl00$lnkLogOff	Arg : ,02/10/2020 12:32:01						ProcessName - UnlockPCA - input : -OJSS,30/09/2020 08:53:09	LIBJU2	Lisa Lidell				ProcessName - LockPCA - output : 0
27,01/10/2020 11:15:19	MAPET31	Maja Petersson				ProcessName - ClearVODeletedOrder - Start,02/10/2020 12:32:02						ProcessName - UnlockPCA - End,30/09/2020 08:57:30	MRFOS	Martin Frostensson				ProcessName - ClearVODeletedOrder - Start
28,01/10/2020 11:15:26	MAPET31	Maja Petersson				ProcessName - ClearVODeletedOrder - End,02/10/2020 12:55:09	MAPET31	Maja Petersson				ProcessName - ClearVODeletedOrder - Start,30/09/2020 08:57:35	MRFOS	Martin Frostensson				ProcessName - ClearVODeletedOrder - End
29,01/10/2020 12:47:43	MAPET31	Maja Petersson				ProcessName - LockPCA - input : 11385-MAPET31,02/10/2020 12:55:13	MAPET31	Maja Petersson				ProcessName - ClearVODeletedOrder - End,30/09/2020 08:57:50	MRFOS	Martin Frostensson				ProcessName - CreatePCA - Start
30,01/10/2020 12:47:44	MAPET31	Maja Petersson				ProcessName - LockPCA - output : 0,02/10/2020 12:57:40	MAPET31	Maja Petersson				ProcessName - LockPCA - input : 11406-MAPET31,30/09/2020 08:57:51	MRFOS	Martin Frostensson				ProcessName - CreatePCA - End - 11286
31,01/10/2020 12:48:04	MAPET31	Maja Petersson				ProcessName - SaveProjInfo - Start,02/10/2020 12:57:40	MAPET31	Maja Petersson				ProcessName - LockPCA - output : 0,30/09/2020 08:57:58	MRFOS	Martin Frostensson				ProcessName - Delete PCA - Start  PCA No:11286
32,01/10/2020 12:48:04	MAPET31	Maja Petersson				ProcessName - SaveProjInfo - end,02/10/2020 12:57:58	MAPET31	Maja Petersson				ProcessName - UnlockPCA - input : -MAPET31,30/09/2020 08:57:58	MRFOS	Martin Frostensson				ProcessName - Delete PCA - End
33,01/10/2020 12:50:29	MAPET31	Maja Petersson				ProcessName - SaveWhatAndHow-Save WHY and How data - Start PCA No:11385,02/10/2020 12:57:58	MAPET31	Maja Petersson				ProcessName - UnlockPCA - End,30/09/2020 08:58:00	MRFOS	Martin Frostensson				ProcessName - UnlockPCA - input : -MRFOS
34,01/10/2020 12:50:30	MAPET31	Maja Petersson				ProcessName - SaveWhatAndHow-Save WHY and How data - End,02/10/2020 12:58:10	MAPET31	Maja Petersson				ProcessName - UpdatePCA - Start PCA No:11406,30/09/2020 08:58:00	MRFOS	Martin Frostensson				ProcessName - UnlockPCA - End
35,01/10/2020 12:56:09	MAPET31	Maja Petersson				ProcessName - SaveWhatAndHow-Save WHY and How data - Start PCA No:11385,02/10/2020 12:58:10	MAPET31	Maja Petersson				ProcessName - UpdatePCA - End,30/09/2020 09:11:06	LYSIU1	Lya Siu Benavides				ProcessName - ClearVODeletedOrder - Start
36,01/10/2020 12:56:09	MAPET31	Maja Petersson				ProcessName - SaveWhatAndHow-Save WHY and How data - End,02/10/2020 12:58:14	MAPET31	Maja Petersson				ProcessName - LockPCA - input : 11305-MAPET31,30/09/2020 09:11:10	LYSIU1	Lya Siu Benavides				ProcessName - ClearVODeletedOrder - End
37,01/10/2020 12:56:22	MAPET31	Maja Petersson				ProcessName - UnlockPCA - input : -MAPET31,02/10/2020 12:58:14	MAPET31	Maja Petersson				ProcessName - LockPCA - output : 0,30/09/2020 09:23:16	LIPE	Liselott Peterson				ProcessName - ClearVODeletedOrder - Start
38,01/10/2020 12:56:22	MAPET31	Maja Petersson				ProcessName - UnlockPCA - End,02/10/2020 12:59:01	MAPET31	Maja Petersson				ProcessName - SaveProjInfo - Start,30/09/2020 09:23:18	LIPE	Liselott Peterson				ProcessName - ClearVODeletedOrder - End
39,01/10/2020 12:56:27	MAPET31	Maja Petersson				ProcessName - LockPCA - input : 11406-MAPET31,02/10/2020 13:01:09	MAPET31	Maja Petersson				ProcessName - SaveWhatAndHow-Save WHY and How data - Start PCA No:11305,30/09/2020 09:23:42	LIPE	Liselott Peterson				ProcessName - UnlockPCA - input : -LIPE
40,01/10/2020 12:56:27	MAPET31	Maja Petersson				ProcessName - LockPCA - output : 0,02/10/2020 13:03:24	MAPET31	Maja Petersson				ProcessName - SaveItemConnections - Start PCA No:11305,30/09/2020 09:23:42	LIPE	Liselott Peterson				ProcessName - UnlockPCA - End
41,01/10/2020 12:56:50	MAPET31	Maja Petersson				ProcessName - SaveProjInfo - Start,02/10/2020 13:03:25	MAPET31	Maja Petersson				ProcessName - SaveItemConnections - End,30/09/2020 09:34:55	AMAK	Ann-Margreth Andersson				ProcessName - ClearVODeletedOrder - Start
42,01/10/2020 12:56:50	MAPET31	Maja Petersson				ProcessName - SaveProjInfo - end,02/10/2020 13:03:27	MAPET31	Maja Petersson				ProcessName - SavePoReqInd - input : 11305,30/09/2020 09:34:59	AMAK	Ann-Margreth Andersson				ProcessName - ClearVODeletedOrder - End
43,01/10/2020 13:02:23	MAPET31	Maja Petersson				ProcessName - SaveWhatAndHow-Save WHY and How data - Start PCA No:11406,02/10/2020 13:03:27	MAPET31	Maja Petersson				ProcessName - SavePoReqInd - End,30/09/2020 09:47:25	MAPET31	Maja Petersson				ProcessName - ClearVODeletedOrder - Start
44,01/10/2020 13:02:24	MAPET31	Maja Petersson				ProcessName - SaveWhatAndHow-Save WHY and How data - End,02/10/2020 13:03:32	MAPET31	Maja Petersson				ProcessName - SaveWhatAndHow-Save WHY and How data - Start PCA No:11305,30/09/2020 09:47:31	MAPET31	Maja Petersson				ProcessName - ClearVODeletedOrder - End
45,01/10/2020 13:10:29	MAPET31	Maja Petersson				ProcessName - UnlockPCA - input : -MAPET31,02/10/2020 13:03:41	MAPET31	Maja Petersson				ProcessName - SaveWhatAndHow-Save WHY and How data - Start PCA No:11305,30/09/2020 09:47:44	LIPE	Liselott Peterson				ProcessName - ClearVODeletedOrder - Start
46,01/10/2020 13:10:29	MAPET31	Maja Petersson				ProcessName - UnlockPCA - End,02/10/2020 13:03:45	MAPET31	Maja Petersson				ProcessName - SaveWhatAndHow-Save WHY and How data - Start PCA No:11305,30/09/2020 09:47:46	LIPE	Liselott Peterson				ProcessName - ClearVODeletedOrder - End
47,01/10/2020 13:10:42	MAPET31	Maja Petersson				ProcessName - UnlockPCA - input : -MAPET31,02/10/2020 13:04:20	JOSAL9	Josefin Sällberg				ProcessName - UnlockPCA - input : -JOSAL9,30/09/2020 09:48:50	MAPET31	Maja Petersson				ProcessName - CreatePCA - Start
48,01/10/2020 13:10:42	MAPET31	Maja Petersson				ProcessName - UnlockPCA - End,02/10/2020 13:04:20	JOSAL9	Josefin Sällberg				ProcessName - UnlockPCA - End,30/09/2020 09:48:51	MAPET31	Maja Petersson				ProcessName - CreatePCA - End - 11305
49,01/10/2020 13:17:08	OJSS	Maria Bergman				ProcessName - ClearVODeletedOrder - Start,02/10/2020 13:04:25	MAPET31	Maja Petersson				ProcessName - SaveWhatAndHow-Save WHY and How data - Start PCA No:11305,30/09/2020 09:49:06	MAPET31	Maja Petersson				ProcessName - LockPCA - input : 11305-MAPET31
50,01/10/2020 13:17:12	OJSS	Maria Bergman				ProcessName - ClearVODeletedOrder - End,02/10/2020 13:04:26	MAPET31	Maja Petersson				ProcessName - UnlockPCA - input : -MAPET31,30/09/2020 09:49:06	MAPET31	Maja Petersson				ProcessName - LockPCA - output : 0
51,01/10/2020 13:17:22	OJSS	Maria Bergman				ProcessName - LockPCA - input : 09163-OJSS,02/10/2020 13:04:26	MAPET31	Maja Petersson				ProcessName - UnlockPCA - End,30/09/2020 10:40:40	LIBJU2	rgmx2soznougakfc01st0rfc				Logout - pages_pcahome_aspx	Action : ctl00$TimedOut	Arg : 
52,01/10/2020 13:17:23	OJSS	Maria Bergman				ProcessName - LockPCA - output : 0,02/10/2020 13:13:33						ProcessName - UnlockPCA - input : -LYSIU1,30/09/2020 10:40:40						ProcessName - UnlockPCA - input : -LIBJU2
53,01/10/2020 13:34:11	OJSS	Maria Bergman				ProcessName - SaveWhatAndHow-Save WHY and How data - Start PCA No:09163,02/10/2020 13:13:33						ProcessName - UnlockPCA - End,30/09/2020 10:40:40						ProcessName - UnlockPCA - End
54,01/10/2020 13:34:11	OJSS	Maria Bergman				ProcessName - SaveWhatAndHow-Save WHY and How data - End,02/10/2020 13:13:41	LYSIU1	Lya Siu Benavides				ProcessName - ClearVODeletedOrder - Start,30/09/2020 10:46:49						ProcessName - UnlockPCA - input : -LIBJU2
55,01/10/2020 13:34:16	OJSS	Maria Bergman				ProcessName - UnlockPCA - input : -OJSS,02/10/2020 13:13:45	LYSIU1	Lya Siu Benavides				ProcessName - ClearVODeletedOrder - End,30/09/2020 10:46:50						ProcessName - UnlockPCA - End
56,01/10/2020 13:34:16	OJSS	Maria Bergman				ProcessName - UnlockPCA - End,02/10/2020 13:17:38	LYSIU1	Lya Siu Benavides				ProcessName - CreatePCA - Start,30/09/2020 10:46:53	LIBJU2	Lisa Lidell				ProcessName - ClearVODeletedOrder - Start
57,01/10/2020 13:34:24	OJSS	Maria Bergman				ProcessName - LockPCA - input : 08564-OJSS,02/10/2020 13:17:38	LYSIU1	Lya Siu Benavides				ProcessName - CreatePCA - End - 11465,30/09/2020 10:47:00	LIBJU2	Lisa Lidell				ProcessName - ClearVODeletedOrder - End
58,01/10/2020 13:34:24	OJSS	Maria Bergman				ProcessName - LockPCA - output : 0,02/10/2020 13:41:53	MAPET31	Maja Petersson				ProcessName - ClearVODeletedOrder - Start,30/09/2020 10:52:50	BALAS2	at4qq5ve0k3w3eahcv4slkiz				Logout - pages_pcahome_aspx	Action : ctl00$TimedOut	Arg : 
59,01/10/2020 14:07:25	OJSS	Maria Bergman				ProcessName - UnlockPCA - input : -OJSS,02/10/2020 13:41:59	MAPET31	Maja Petersson				ProcessName - ClearVODeletedOrder - End,30/09/2020 10:52:50						ProcessName - UnlockPCA - input : -BALAS2
60,01/10/2020 14:07:25	OJSS	Maria Bergman				ProcessName - UnlockPCA - End,02/10/2020 13:42:11	MAPET31	Maja Petersson				ProcessName - LockPCA - input : 11405-MAPET31,30/09/2020 10:52:50						ProcessName - UnlockPCA - End
61,01/10/2020 14:07:31	OJSS	Maria Bergman				ProcessName - LockPCA - input : 09864-OJSS,02/10/2020 13:42:11	MAPET31	Maja Petersson				ProcessName - LockPCA - output : 0,30/09/2020 11:11:04	LYSIU1	fsn1fpl4s5sdxzvxiltru3up				Logout - pages_pcahome_aspx	Action : ctl00$TimedOut	Arg : 
62,01/10/2020 14:07:31	OJSS	Maria Bergman				ProcessName - LockPCA - output : 0,02/10/2020 13:42:30	MAPET31	Maja Petersson				ProcessName - SaveProjInfo - Start,30/09/2020 11:11:04						ProcessName - UnlockPCA - input : -LYSIU1
63,01/10/2020 14:08:53	OJSS	Maria Bergman				ProcessName - SaveWhatAndHow-Save WHY and How data - Start PCA No:09864,02/10/2020 13:42:30	MAPET31	Maja Petersson				ProcessName - SaveProjInfo - end,30/09/2020 11:11:05						ProcessName - UnlockPCA - End
64,01/10/2020 14:08:53	OJSS	Maria Bergman				ProcessName - SaveWhatAndHow-Save WHY and How data - End,02/10/2020 13:44:58	MAPET31	Maja Petersson				ProcessName - SaveWhatAndHow-Save WHY and How data - Start PCA No:11405,30/09/2020 11:34:59	AMAK	kxlhbxhnh1gudxvqi3h0ojto				Logout - pages_pcahome_aspx	Action : ctl00$TimedOut	Arg : 
65,01/10/2020 14:09:47	OJSS	Maria Bergman				ProcessName - UnlockPCA - input : -OJSS,02/10/2020 13:44:59	MAPET31	Maja Petersson				ProcessName - SaveWhatAndHow-Save WHY and How data - End,30/09/2020 11:34:59						ProcessName - UnlockPCA - input : -AMAK
66,01/10/2020 14:09:47	OJSS	Maria Bergman				ProcessName - UnlockPCA - End,02/10/2020 13:53:57	MAPET31	Maja Petersson				ProcessName - SaveWhatAndHow-Save WHY and How data - Start PCA No:11405,30/09/2020 11:34:59						ProcessName - UnlockPCA - End
67,01/10/2020 14:10:09	OJSS	Maria Bergman				ProcessName - UpdatePCA - Start PCA No:09864,02/10/2020 13:53:57	MAPET31	Maja Petersson				ProcessName - SaveWhatAndHow-Save WHY and How data - End,30/09/2020 11:47:34	MAREN8	Malin Renemark				ProcessName - ClearVODeletedOrder - Start
68,01/10/2020 14:10:09	OJSS	Maria Bergman				ProcessName - UpdatePCA - End,02/10/2020 13:54:19	MAPET31	Maja Petersson				ProcessName - SaveWhatAndHow-Save WHY and How data - Start PCA No:11405,30/09/2020 11:47:35	MAPET31	4cfjqxsqptcejcvsnzgka4i3				Logout - pages_pcahome_aspx	Action : ctl00$TimedOut	Arg : 
69,01/10/2020 14:14:04	OJSS	Maria Bergman				ProcessName - LockPCA - input : 08563-OJSS,02/10/2020 13:54:20	MAPET31	Maja Petersson				ProcessName - SaveWhatAndHow-Save WHY and How data - End,30/09/2020 11:47:35						ProcessName - UnlockPCA - input : -MAPET31
70,01/10/2020 14:14:04	OJSS	Maria Bergman				ProcessName - LockPCA - output : 0,02/10/2020 13:57:34	MAPET31	Maja Petersson				ProcessName - SaveWhatAndHow-Save WHY and How data - Start PCA No:11405,30/09/2020 11:47:35						ProcessName - UnlockPCA - End
71,01/10/2020 14:28:46	NOIS	Lina Peterkvist				ProcessName - ClearVODeletedOrder - Start,02/10/2020 13:57:35	MAPET31	Maja Petersson				ProcessName - SaveWhatAndHow-Save WHY and How data - End,30/09/2020 11:47:39	MAREN8	Malin Renemark				ProcessName - ClearVODeletedOrder - End
72,01/10/2020 14:28:50	NOIS	Lina Peterkvist				ProcessName - ClearVODeletedOrder - End,02/10/2020 13:58:27	MAPET31	Maja Petersson				ProcessName - SaveWhatAndHow-Save WHY and How data - Start PCA No:11405,30/09/2020 11:47:43	LIPE	dabptlavmmzkrdtn2jngtnk2				Logout - pages_pcahome_aspx	Action : ctl00$TimedOut	Arg : 
73,01/10/2020 14:29:28	NOIS	Lina Peterkvist				ProcessName - CreatePCA - Start,02/10/2020 13:58:27	MAPET31	Maja Petersson				ProcessName - SaveWhatAndHow-Save WHY and How data - End,30/09/2020 11:47:43						ProcessName - UnlockPCA - input : -LIPE
74,01/10/2020 14:29:28	NOIS	Lina Peterkvist				ProcessName - CreatePCA - End - 11425,02/10/2020 14:04:40	MAPET31	Maja Petersson				ProcessName - SaveWhatAndHow-Save WHY and How data - Start PCA No:11405,30/09/2020 11:47:44						ProcessName - UnlockPCA - End
75,01/10/2020 14:33:16	NOIS	Lina Peterkvist				ProcessName - LockPCA - input : 11425-NOIS,02/10/2020 14:04:41	MAPET31	Maja Petersson				ProcessName - SaveWhatAndHow-Save WHY and How data - End,30/09/2020 11:49:28	MAREN8	Malin Renemark				ProcessName - CreatePCA - Start
76,01/10/2020 14:33:16	NOIS	Lina Peterkvist				ProcessName - LockPCA - output : 0,02/10/2020 14:04:41	MAPET31	Maja Petersson				ProcessName - UnlockPCA - input : -MAPET31,30/09/2020 11:49:28	MAREN8	Malin Renemark				ProcessName - CreatePCA - End - 11325
77,01/10/2020 14:33:38	NOIS	Lina Peterkvist				ProcessName - SaveProjInfo - Start,02/10/2020 14:04:41	MAPET31	Maja Petersson				ProcessName - UnlockPCA - End,30/09/2020 11:50:01	MAREN8	Malin Renemark				ProcessName - LockPCA - input : 11325-MAREN8
78,01/10/2020 14:33:38	NOIS	Lina Peterkvist				ProcessName - SaveProjInfo - end,02/10/2020 14:04:53	MAPET31	Maja Petersson				ProcessName - LockPCA - input : 11406-MAPET31,30/09/2020 11:50:01	MAREN8	Malin Renemark				ProcessName - LockPCA - output : 0
79,01/10/2020 14:33:39	NOIS	Lina Peterkvist				ProcessName - SavePoReqInd - input : 11425,02/10/2020 14:04:53	MAPET31	Maja Petersson				ProcessName - LockPCA - output : 0,30/09/2020 11:55:28	MAREN8	Malin Renemark				ProcessName - ClearVODeletedOrder - Start
80,01/10/2020 14:33:40	NOIS	Lina Peterkvist				ProcessName - SavePoReqInd - End,02/10/2020 14:11:46	MAPET31	Maja Petersson				ProcessName - SaveWhatAndHow-Save WHY and How data - Start PCA No:11406,30/09/2020 11:55:31	MAREN8	Malin Renemark				ProcessName - ClearVODeletedOrder - End
81,01/10/2020 14:34:27	NOIS	Lina Peterkvist				ProcessName - SaveWhatAndHow-Save WHY and How data - Start PCA No:11425,02/10/2020 14:11:46	MAPET31	Maja Petersson				ProcessName - SaveWhatAndHow-Save WHY and How data - End,30/09/2020 11:55:39	MAREN8	Malin Renemark				ProcessName - LockPCA - input : 11325-MAREN8
82,01/10/2020 14:34:27	NOIS	Lina Peterkvist				ProcessName - SaveWhatAndHow-Save WHY and How data - End,02/10/2020 14:16:50	MAPET31	Maja Petersson				ProcessName - UnlockPCA - input : -MAPET31,30/09/2020 11:55:40	MAREN8	Malin Renemark				ProcessName - LockPCA - output : MAREN8
83,01/10/2020 15:03:11	NOIS	Lina Peterkvist				ProcessName - UnlockPCA - input : -NOIS,02/10/2020 14:16:50	MAPET31	Maja Petersson				ProcessName - UnlockPCA - End,30/09/2020 11:55:57	MAREN8	Malin Renemark				ProcessName - SaveProjInfo - Start
84,01/10/2020 15:03:12	NOIS	Lina Peterkvist				ProcessName - UnlockPCA - End,02/10/2020 14:16:59	MAPET31	Maja Petersson				ProcessName - LockPCA - input : 11385-MAPET31,30/09/2020 11:55:57	MAREN8	Malin Renemark				ProcessName - SaveProjInfo - end
85,01/10/2020 15:17:09	OJSS	ckjlaggfxghlmdqvhlwv5pny				Logout - pages_pcahome_aspx	Action : ctl00$TimedOut	Arg : ,02/10/2020 14:16:59	MAPET31	Maja Petersson				ProcessName - LockPCA - output : 0,30/09/2020 11:55:59	MAREN8	Malin Renemark				ProcessName - SavePoReqInd - input : 11325
86,01/10/2020 15:17:09						ProcessName - UnlockPCA - input : -OJSS,02/10/2020 14:20:19	NNJA	Anja Höhr Marion				ProcessName - UnlockPCA - input : -NNJA,30/09/2020 11:56:00	MAREN8	Malin Renemark				ProcessName - SavePoReqInd - End
87,01/10/2020 15:17:09						ProcessName - UnlockPCA - End,02/10/2020 14:20:19	NNJA	Anja Höhr Marion				ProcessName - UnlockPCA - End,30/09/2020 12:25:03	AMAK	Ann-Margreth Andersson				ProcessName - ClearVODeletedOrder - Start
88,,02/10/2020 14:20:42	NNJA	Anja Höhr Marion				ProcessName - UnlockPCA - input : -NNJA,30/09/2020 12:25:07	AMAK	Ann-Margreth Andersson				ProcessName - ClearVODeletedOrder - End
89,,02/10/2020 14:20:42	NNJA	Anja Höhr Marion				ProcessName - UnlockPCA - End,30/09/2020 12:25:18	AMAK	Ann-Margreth Andersson				ProcessName - CreatePCA - Start
90,,02/10/2020 14:44:10	MAPET31	Maja Petersson				ProcessName - SaveWhatAndHow-Save WHY and How data - Start PCA No:11385,30/09/2020 12:25:19	AMAK	Ann-Margreth Andersson				ProcessName - CreatePCA - End - 11326
91,,02/10/2020 14:44:10	MAPET31	Maja Petersson				ProcessName - SaveWhatAndHow-Save WHY and How data - End,30/09/2020 12:25:28	AMAK	Ann-Margreth Andersson				ProcessName - LockPCA - input : 11326-AMAK
92,,02/10/2020 14:44:11	MAPET31	Maja Petersson				ProcessName - UnlockPCA - input : -MAPET31,30/09/2020 12:25:29	AMAK	Ann-Margreth Andersson				ProcessName - LockPCA - output : 0
93,,02/10/2020 14:44:11	MAPET31	Maja Petersson				ProcessName - UnlockPCA - End,30/09/2020 12:26:19	AMAK	Ann-Margreth Andersson				ProcessName - SaveProjInfo - Start
94,,02/10/2020 14:44:16	MAPET31	Maja Petersson				ProcessName - LockPCA - input : 11305-MAPET31,30/09/2020 12:26:20	AMAK	Ann-Margreth Andersson				ProcessName - SaveProjInfo - end
95,,02/10/2020 14:44:17	MAPET31	Maja Petersson				ProcessName - LockPCA - output : 0,30/09/2020 12:27:18	AMAK	Ann-Margreth Andersson				ProcessName - UnlockPCA - input : -AMAK
96,,02/10/2020 14:44:47	MAPET31	Maja Petersson				ProcessName - SaveProjInfo - Start,30/09/2020 12:27:18	AMAK	Ann-Margreth Andersson				ProcessName - UnlockPCA - End
97,,02/10/2020 14:44:47	MAPET31	Maja Petersson				ProcessName - SaveProjInfo - end,30/09/2020 12:27:36	AMAK	Ann-Margreth Andersson				ProcessName - UnlockPCA - input : -AMAK
98,,02/10/2020 14:47:56	MAPET31	Maja Petersson				ProcessName - SaveWhatAndHow-Save WHY and How data - Start PCA No:11305,30/09/2020 12:27:37	AMAK	Ann-Margreth Andersson				ProcessName - UnlockPCA - End
99,,02/10/2020 14:47:56	MAPET31	Maja Petersson				ProcessName - SaveWhatAndHow-Save WHY and How data - End,30/09/2020 12:41:39	AMAK	Ann-Margreth Andersson				ProcessName - UnlockPCA - input : -AMAK
100,,02/10/2020 14:52:20	MAPET31	Maja Petersson				ProcessName - SaveWhatAndHow-Save WHY and How data - Start PCA No:11305,30/09/2020 12:41:39	AMAK	Ann-Margreth Andersson				ProcessName - UnlockPCA - End
101,,02/10/2020 14:52:21	MAPET31	Maja Petersson				ProcessName - SaveWhatAndHow-Save WHY and How data - End,30/09/2020 12:45:36	AMAK	Ann-Margreth Andersson				ProcessName - LockPCA - input : 11326-AMAK
102,,02/10/2020 14:52:28	MAPET31	Maja Petersson				ProcessName - UnlockPCA - input : -MAPET31,30/09/2020 12:45:36	AMAK	Ann-Margreth Andersson				ProcessName - LockPCA - output : 0
103,,02/10/2020 14:52:28	MAPET31	Maja Petersson				ProcessName - UnlockPCA - End,30/09/2020 12:45:51	MAPET31	Maja Petersson				ProcessName - ClearVODeletedOrder - Start
104,,02/10/2020 14:52:49	MAPET31	Maja Petersson				ProcessName - CreatePCA - Start,30/09/2020 12:45:55	MAPET31	Maja Petersson				ProcessName - ClearVODeletedOrder - End
105,,02/10/2020 14:52:50	MAPET31	Maja Petersson				ProcessName - CreatePCA - End - 11485,30/09/2020 12:46:03	LIPE	Liselott Peterson				ProcessName - ClearVODeletedOrder - Start
106,,02/10/2020 14:52:54	MAPET31	Maja Petersson				ProcessName - LockPCA - input : 11485-MAPET31,30/09/2020 12:46:05	LIPE	Liselott Peterson				ProcessName - ClearVODeletedOrder - End
107,,02/10/2020 14:52:55	MAPET31	Maja Petersson				ProcessName - LockPCA - output : 0,30/09/2020 12:46:44	MAPET31	Maja Petersson				ProcessName - LockPCA - input : 11305-MAPET31
108,,02/10/2020 14:57:05	MAPET31	Maja Petersson				ProcessName - SaveWhatAndHow-Save WHY and How data - Start PCA No:11485,30/09/2020 12:46:44	MAPET31	Maja Petersson				ProcessName - LockPCA - output : 0
109,,02/10/2020 14:57:05	MAPET31	Maja Petersson				ProcessName - SaveWhatAndHow-Save WHY and How data - End,30/09/2020 12:46:46	LIPE	Liselott Peterson				ProcessName - LockPCA - input : 09830-LIPE
110,,02/10/2020 15:03:49	MAPET31	Maja Petersson				ProcessName - SaveWhatAndHow-Save WHY and How data - Start PCA No:11485,30/09/2020 12:46:47	LIPE	Liselott Peterson				ProcessName - LockPCA - output : 0
111,,02/10/2020 15:03:49	MAPET31	Maja Petersson				ProcessName - SaveWhatAndHow-Save WHY and How data - End,30/09/2020 12:47:24	MAPET31	Maja Petersson				ProcessName - SaveProjInfo - Start
112,,02/10/2020 15:04:07	MAPET31	Maja Petersson				ProcessName - UnlockPCA - input : -MAPET31,30/09/2020 12:47:27	LIPE	Liselott Peterson				ProcessName - SaveProjInfo - Start
113,,02/10/2020 15:04:07	MAPET31	Maja Petersson				ProcessName - UnlockPCA - End,30/09/2020 12:47:28	LIPE	Liselott Peterson				ProcessName - SaveProjInfo - end
114,,02/10/2020 15:04:14	MAPET31	Maja Petersson				ProcessName - LockPCA - input : 11406-MAPET31,30/09/2020 12:51:28	AMAK	Ann-Margreth Andersson				ProcessName - SaveItemConnections - Start PCA No:11326
115,,02/10/2020 15:04:15	MAPET31	Maja Petersson				ProcessName - LockPCA - output : 0,30/09/2020 12:51:28	AMAK	Ann-Margreth Andersson				ProcessName - SaveItemConnections - End
116,,02/10/2020 15:13:42	LYSIU1	a0wowiabw1ynlf3jmiurfzgr				Logout - pages_pcahome_aspx	Action : ctl00$TimedOut	Arg : ,30/09/2020 12:51:58	MAPET31	Maja Petersson				ProcessName - SaveProjInfo - Start
117,,02/10/2020 15:13:42						ProcessName - UnlockPCA - input : -LYSIU1,30/09/2020 12:51:58	MAPET31	Maja Petersson				ProcessName - SaveProjInfo - end
118,,02/10/2020 15:13:42						ProcessName - UnlockPCA - End,30/09/2020 12:53:49	MAPET31	Maja Petersson				ProcessName - SaveProjInfo - Start
119,,02/10/2020 15:16:00	MAPET31	Maja Petersson				ProcessName - SaveWhatAndHow-Save WHY and How data - Start PCA No:11406,30/09/2020 12:53:50	MAPET31	Maja Petersson				ProcessName - SaveProjInfo - end
120,,02/10/2020 15:16:01	MAPET31	Maja Petersson				ProcessName - SaveWhatAndHow-Save WHY and How data - End,30/09/2020 12:54:34	MAPET31	Maja Petersson				ProcessName - SaveProjInfo - Start
121,,02/10/2020 15:18:16	MAPET31	Maja Petersson				ProcessName - SaveWhatAndHow-Save WHY and How data - Start PCA No:11406,30/09/2020 12:54:34	MAPET31	Maja Petersson				ProcessName - SaveProjInfo - end
122,,02/10/2020 15:18:17	MAPET31	Maja Petersson				ProcessName - SaveWhatAndHow-Save WHY and How data - End,30/09/2020 12:58:18	AMAK	Ann-Margreth Andersson				ProcessName - SaveWhatAndHow-Save WHY and How data - Start PCA No:11326
123,,02/10/2020 15:22:29	MAPET31	Maja Petersson				ProcessName - UnlockPCA - input : -MAPET31,30/09/2020 12:58:18	AMAK	Ann-Margreth Andersson				ProcessName - SaveWhatAndHow-Save WHY and How data - End
124,,02/10/2020 15:22:29	MAPET31	Maja Petersson				ProcessName - UnlockPCA - End,30/09/2020 13:01:41						ProcessName - UnlockPCA - input : -LIBJU2
125,,02/10/2020 15:22:35	MAPET31	Maja Petersson				ProcessName - LockPCA - input : 11385-MAPET31,30/09/2020 13:01:41						ProcessName - UnlockPCA - End
126,,02/10/2020 15:22:36	MAPET31	Maja Petersson				ProcessName - LockPCA - output : 0,30/09/2020 13:06:29	RELEI3	Reeta Leikangbam				ProcessName - ClearVODeletedOrder - Start
127,,02/10/2020 15:27:41	MAPET31	Maja Petersson				ProcessName - SaveWhatAndHow-Save WHY and How data - Start PCA No:11385,30/09/2020 13:06:34	RELEI3	Reeta Leikangbam				ProcessName - ClearVODeletedOrder - End
128,,02/10/2020 15:27:42	MAPET31	Maja Petersson				ProcessName - SaveWhatAndHow-Save WHY and How data - End,30/09/2020 13:09:27	RELEI3	Reeta Leikangbam				ProcessName - CreatePCA - Start
129,,02/10/2020 15:28:13	MAPET31	Maja Petersson				ProcessName - SaveWhatAndHow-Save WHY and How data - Start PCA No:11385,30/09/2020 13:09:29	RELEI3	Reeta Leikangbam				ProcessName - CreatePCA - End - 11345
130,,02/10/2020 15:28:13	MAPET31	Maja Petersson				ProcessName - SaveWhatAndHow-Save WHY and How data - End,30/09/2020 13:09:37	RELEI3	Reeta Leikangbam				ProcessName - LockPCA - input : 11345-RELEI3
131,,02/10/2020 15:36:07	MAPET31	Maja Petersson				ProcessName - UnlockPCA - input : -MAPET31,30/09/2020 13:09:37	RELEI3	Reeta Leikangbam				ProcessName - LockPCA - output : 0
132,,02/10/2020 15:36:08	MAPET31	Maja Petersson				ProcessName - UnlockPCA - End,30/09/2020 13:10:14	AMAK	Ann-Margreth Andersson				ProcessName - SaveWhatAndHow-Save WHY and How data - Start PCA No:11326
133,,02/10/2020 15:36:51	MAPET31	Maja Petersson				ProcessName - CreatePCA - Start,30/09/2020 13:10:14	AMAK	Ann-Margreth Andersson				ProcessName - SaveWhatAndHow-Save WHY and How data - End
134,,02/10/2020 15:36:51	MAPET31	Maja Petersson				ProcessName - CreatePCA - End - 11505,30/09/2020 13:20:30	MAPET31	Maja Petersson				ProcessName - SaveWhatAndHow-Save WHY and How data - Start PCA No:11305
135,,02/10/2020 15:36:57	MAPET31	Maja Petersson				ProcessName - LockPCA - input : 11505-MAPET31,30/09/2020 13:20:51	MAPET31	Maja Petersson				ProcessName - SaveWhatAndHow-Save WHY and How data - Start PCA No:11305
136,,02/10/2020 15:36:57	MAPET31	Maja Petersson				ProcessName - LockPCA - output : 0,30/09/2020 13:20:56	OJSS	Maria Bergman				ProcessName - ClearVODeletedOrder - Start
137,,02/10/2020 15:42:03	MAPET31	x1yd1vbqot5avpkzxsocuo4i				Logout - pages_pcahome_aspx	Action : ctl00$TimedOut	Arg : ,30/09/2020 13:21:02	OJSS	Maria Bergman				ProcessName - ClearVODeletedOrder - End
138,,02/10/2020 15:42:03						ProcessName - UnlockPCA - input : -MAPET31,30/09/2020 13:21:05	LYSIU1	Lya Siu Benavides				ProcessName - ClearVODeletedOrder - Start
139,,02/10/2020 15:42:03						ProcessName - UnlockPCA - End,30/09/2020 13:21:08	LYSIU1	Lya Siu Benavides				ProcessName - ClearVODeletedOrder - End
140,,02/10/2020 15:45:12	MAPET31	Maja Petersson				ProcessName - ClearVODeletedOrder - Start,30/09/2020 13:21:09	OJSS	Maria Bergman				ProcessName - LockPCA - input : 08566-OJSS
141,,02/10/2020 15:45:16	MAPET31	Maja Petersson				ProcessName - ClearVODeletedOrder - End,30/09/2020 13:21:09	OJSS	Maria Bergman				ProcessName - LockPCA - output : 0
142,,02/10/2020 15:48:00	MAPET31	Maja Petersson				ProcessName - CreatePCA - Start,30/09/2020 13:21:21	MAPET31	Maja Petersson				ProcessName - SaveWhatAndHow-Save WHY and How data - Start PCA No:11305
143,,02/10/2020 15:48:00	MAPET31	Maja Petersson				ProcessName - CreatePCA - End - 11525,30/09/2020 13:21:45	LIPE	Liselott Peterson				ProcessName - SaveWhatAndHow-Save WHY and How data - Start PCA No:09830
144,,02/10/2020 15:48:07	MAPET31	Maja Petersson				ProcessName - LockPCA - input : 11525-MAPET31,30/09/2020 13:21:45	LIPE	Liselott Peterson				ProcessName - SaveWhatAndHow-Save WHY and How data - End
145,,02/10/2020 15:48:08	MAPET31	Maja Petersson				ProcessName - LockPCA - output : 0,30/09/2020 13:21:49	LYSIU1	Lya Siu Benavides				ProcessName - CreatePCA - Start
146,,02/10/2020 15:48:23	MAPET31	Maja Petersson				ProcessName - SaveProjInfo - Start,30/09/2020 13:21:49	LYSIU1	Lya Siu Benavides				ProcessName - CreatePCA - End - 11365
147,,02/10/2020 15:48:23	MAPET31	Maja Petersson				ProcessName - SaveProjInfo - end,30/09/2020 13:23:16	MAPET31	Maja Petersson				ProcessName - SaveWhatAndHow-Save WHY and How data - Start PCA No:11305
148,,02/10/2020 15:53:05	MAPET31	Maja Petersson				ProcessName - SaveWhatAndHow-Save WHY and How data - Start PCA No:11525,30/09/2020 13:23:21	MAPET31	Maja Petersson				ProcessName - SaveWhatAndHow-Save WHY and How data - Start PCA No:11305
149,,02/10/2020 15:53:06	MAPET31	Maja Petersson				ProcessName - SaveWhatAndHow-Save WHY and How data - End,30/09/2020 13:25:30	MAPET31	Maja Petersson				ProcessName - SaveWhatAndHow-Save WHY and How data - Start PCA No:11305
150,,02/10/2020 15:55:38	MAPET31	Maja Petersson				ProcessName - SaveWhatAndHow-Save WHY and How data - Start PCA No:11525,30/09/2020 13:25:40	MAPET31	Maja Petersson				ProcessName - SaveWhatAndHow-Save WHY and How data - Start PCA No:11305
151,,02/10/2020 15:55:38	MAPET31	Maja Petersson				ProcessName - SaveWhatAndHow-Save WHY and How data - End,30/09/2020 13:25:51	MAPET31	Maja Petersson				ProcessName - UnlockPCA - input : -MAPET31
152,,02/10/2020 15:59:58	MAPET31	Maja Petersson				ProcessName - UnlockPCA - input : -MAPET31,30/09/2020 13:25:51	MAPET31	Maja Petersson				ProcessName - UnlockPCA - End
153,,02/10/2020 15:59:58	MAPET31	Maja Petersson				ProcessName - UnlockPCA - End,30/09/2020 13:25:55	MAPET31	Maja Petersson				ProcessName - ClearVODeletedOrder - Start
154,,,30/09/2020 13:26:00	MAPET31	Maja Petersson				ProcessName - ClearVODeletedOrder - End
155,,,30/09/2020 13:26:06	MAPET31	Maja Petersson				ProcessName - LockPCA - input : 11305-MAPET31
156,,,30/09/2020 13:26:06	MAPET31	Maja Petersson				ProcessName - LockPCA - output : 0
157,,,30/09/2020 13:26:25	NNJA	Anja Höhr Marion				ProcessName - ClearVODeletedOrder - Start
158,,,30/09/2020 13:26:37	MAPET31	Maja Petersson				ProcessName - SaveProjInfo - Start
159,,,30/09/2020 13:26:44	NNJA	Anja Höhr Marion				ProcessName - ClearVODeletedOrder - End
160,,,30/09/2020 13:26:51	NNJA	Anja Höhr Marion				ProcessName - ClearVODeletedOrder - Start
161,,,30/09/2020 13:26:53	NNJA	Anja Höhr Marion				ProcessName - ClearVODeletedOrder - End
162,,,30/09/2020 13:27:01	NNJA	Anja Höhr Marion				ProcessName - UnlockPCA - input : -NNJA
163,,,30/09/2020 13:27:01	NNJA	Anja Höhr Marion				ProcessName - UnlockPCA - End
164,,,30/09/2020 13:27:23	NNJA	Anja Höhr Marion				ProcessName - ClearVODeletedOrder - Start
165,,,30/09/2020 13:27:31	NNJA	Anja Höhr Marion				ProcessName - ClearVODeletedOrder - End
166,,,30/09/2020 13:30:04	LYSIU1	Lya Siu Benavides				ProcessName - CreatePCA - Start
167,,,30/09/2020 13:30:05	LYSIU1	Lya Siu Benavides				ProcessName - CreatePCA - End - 11346
168,,,30/09/2020 13:31:14	LIPE	Liselott Peterson				ProcessName - UnlockPCA - input : -LIPE
169,,,30/09/2020 13:31:14	LIPE	Liselott Peterson				ProcessName - UnlockPCA - End
170,,,30/09/2020 13:32:38	MAPET31	Maja Petersson				ProcessName - SaveWhatAndHow-Save WHY and How data - Start PCA No:11305
171,,,30/09/2020 13:33:10	LYSIU1	Lya Siu Benavides				ProcessName - CreatePCA - Start
172,,,30/09/2020 13:33:10	LYSIU1	Lya Siu Benavides				ProcessName - CreatePCA - End - 11347
173,,,30/09/2020 13:42:15	MAPET31	Maja Petersson				ProcessName - SaveWhatAndHow-Save WHY and How data - Start PCA No:11305
174,,,30/09/2020 13:42:16	MAPET31	Maja Petersson				ProcessName - UnlockPCA - input : -MAPET31
175,,,30/09/2020 13:42:16	MAPET31	Maja Petersson				ProcessName - UnlockPCA - End
176,,,30/09/2020 13:42:20	MAPET31	Maja Petersson				ProcessName - UnlockPCA - input : -MAPET31
177,,,30/09/2020 13:42:21	MAPET31	Maja Petersson				ProcessName - UnlockPCA - End
178,,,30/09/2020 13:42:31	MAPET31	Maja Petersson				ProcessName - ClearVODeletedOrder - Start
179,,,30/09/2020 13:42:34	MAPET31	Maja Petersson				ProcessName - ClearVODeletedOrder - End
180,,,30/09/2020 13:42:42	MAPET31	Maja Petersson				ProcessName - LockPCA - input : 11305-MAPET31
181,,,30/09/2020 13:42:42	MAPET31	Maja Petersson				ProcessName - LockPCA - output : 0
182,,,30/09/2020 13:43:12	MAPET31	Maja Petersson				ProcessName - SaveProjInfo - Start
183,,,30/09/2020 13:43:31	AMAK	Ann-Margreth Andersson				ProcessName - UnlockPCA - input : -AMAK
184,,,30/09/2020 13:43:32	AMAK	Ann-Margreth Andersson				ProcessName - UnlockPCA - End
185,,,30/09/2020 13:43:41	MAPET31	Maja Petersson				ProcessName - SaveWhatAndHow-Save WHY and How data - Start PCA No:11305
186,,,30/09/2020 13:44:50	LIPE	Liselott Peterson				ProcessName - LockPCA - input : 05607-LIPE
187,,,30/09/2020 13:44:50	LIPE	Liselott Peterson				ProcessName - LockPCA - output : 0
188,,,30/09/2020 13:55:32	MAREN8	0rypfyfgzjbf2g51i0e2y1vr				Logout - pages_pcahome_aspx	Action : ctl00$TimedOut	Arg : 
189,,,30/09/2020 13:55:32						ProcessName - UnlockPCA - input : -MAREN8
190,,,30/09/2020 13:55:33						ProcessName - UnlockPCA - End
191,,,30/09/2020 13:59:18	AMAK	Ann-Margreth Andersson				ProcessName - LockPCA - input : 06083-AMAK
192,,,30/09/2020 13:59:18	AMAK	Ann-Margreth Andersson				ProcessName - LockPCA - output : NOT OWNER
193,,,30/09/2020 14:02:36	AMAK	Ann-Margreth Andersson				ProcessName - UnlockPCA - input : -AMAK
194,,,30/09/2020 14:02:36	AMAK	Ann-Margreth Andersson				ProcessName - UnlockPCA - End
195,,,30/09/2020 14:05:28	MAPET31	Maja Petersson				ProcessName - UnlockPCA - input : -MAPET31
196,,,30/09/2020 14:05:28	MAPET31	Maja Petersson				ProcessName - UnlockPCA - End
197,,,30/09/2020 14:05:30	MAPET31	Maja Petersson				ProcessName - ClearVODeletedOrder - Start
198,,,30/09/2020 14:05:37	MAPET31	Maja Petersson				ProcessName - ClearVODeletedOrder - End
199,,,30/09/2020 14:05:45						ProcessName - UnlockPCA - input : -MAREN8
200,,,30/09/2020 14:05:45						ProcessName - UnlockPCA - End
201,,,30/09/2020 14:05:46	MAREN8	Malin Renemark				ProcessName - ClearVODeletedOrder - Start
202,,,30/09/2020 14:05:49	MAREN8	Malin Renemark				ProcessName - ClearVODeletedOrder - End
203,,,30/09/2020 14:07:00	AMAK	Ann-Margreth Andersson				ProcessName - UnlockPCA - input : -AMAK
204,,,30/09/2020 14:07:01	AMAK	Ann-Margreth Andersson				ProcessName - UnlockPCA - End
205,,,30/09/2020 14:10:06	AMAK	Ann-Margreth Andersson				ProcessName - LockPCA - input : 07624-AMAK
206,,,30/09/2020 14:10:06	AMAK	Ann-Margreth Andersson				ProcessName - LockPCA - output : NOT OWNER
207,,,30/09/2020 14:10:34	AMAK	Ann-Margreth Andersson				ProcessName - UnlockPCA - input : -AMAK
208,,,30/09/2020 14:10:34	AMAK	Ann-Margreth Andersson				ProcessName - UnlockPCA - End
209,,,30/09/2020 14:10:49	AMAK	Ann-Margreth Andersson				ProcessName - LockPCA - input : 09443-AMAK
210,,,30/09/2020 14:10:49	AMAK	Ann-Margreth Andersson				ProcessName - LockPCA - output : NOT OWNER
211,,,30/09/2020 14:11:11	AMAK	Ann-Margreth Andersson				ProcessName - UnlockPCA - input : -AMAK
212,,,30/09/2020 14:11:12	AMAK	Ann-Margreth Andersson				ProcessName - UnlockPCA - End
213,,,30/09/2020 14:14:03	MAPET31	Maja Petersson				ProcessName - UnlockPCA - input : -MAPET31
214,,,30/09/2020 14:14:04	MAPET31	Maja Petersson				ProcessName - UnlockPCA - End
215,,,30/09/2020 14:25:03	AMAK	kxlhbxhnh1gudxvqi3h0ojto				Logout - pages_pcahome_aspx	Action : ctl00$TimedOut	Arg : 
216,,,30/09/2020 14:25:03						ProcessName - UnlockPCA - input : -AMAK
217,,,30/09/2020 14:25:04						ProcessName - UnlockPCA - End
218,,,30/09/2020 14:28:45	MAPET31	Maja Petersson				ProcessName - ClearVODeletedOrder - Start
219,,,30/09/2020 14:28:50	MAPET31	Maja Petersson				ProcessName - ClearVODeletedOrder - End
220,,,30/09/2020 14:29:15	MAPET31	Maja Petersson				ProcessName - UpdatePCA - Start PCA No:11305
221,,,30/09/2020 14:29:16	MAPET31	Maja Petersson				ProcessName - UpdatePCA - End
222,,,30/09/2020 14:31:17	MAPET31	Maja Petersson				ProcessName - CreatePCA - Start
223,,,30/09/2020 14:31:17	MAPET31	Maja Petersson				ProcessName - CreatePCA - End - 11385
224,,,30/09/2020 14:31:57	MAPET31	Maja Petersson				ProcessName - CreatePCA - Start
225,,,30/09/2020 14:31:58	MAPET31	Maja Petersson				ProcessName - CreatePCA - End - 11405
226,,,30/09/2020 14:33:04	MAPET31	Maja Petersson				ProcessName - CreatePCA - Start
227,,,30/09/2020 14:33:04	MAPET31	Maja Petersson				ProcessName - CreatePCA - End - 11406
228,,,30/09/2020 14:46:08	LIPE	mdgrtj5jtbjsdeeth10ykyra				Logout - pages_pcahome_aspx	Action : ctl00$TimedOut	Arg : 
229,,,30/09/2020 14:46:08						ProcessName - UnlockPCA - input : -LIPE
230,,,30/09/2020 14:46:08						ProcessName - UnlockPCA - End
231,,,30/09/2020 14:51:16	AMAK	Ann-Margreth Andersson				ProcessName - ClearVODeletedOrder - Start
232,,,30/09/2020 14:51:23	AMAK	Ann-Margreth Andersson				ProcessName - ClearVODeletedOrder - End
233,,,30/09/2020 14:53:47	CABIN8	Camilla Binz				ProcessName - ClearVODeletedOrder - Start
234,,,30/09/2020 14:53:49	CABIN8	Camilla Binz				ProcessName - ClearVODeletedOrder - End
235,,,30/09/2020 14:54:59	CABIN8	Camilla Binz				ProcessName - CreatePCA - Start
236,,,30/09/2020 14:55:00	CABIN8	Camilla Binz				ProcessName - CreatePCA - End - 11386
237,,,30/09/2020 14:55:24	CABIN8	Camilla Binz				ProcessName - LockPCA - input : 11386-CABIN8
238,,,30/09/2020 14:55:24	CABIN8	Camilla Binz				ProcessName - LockPCA - output : 0
239,,,30/09/2020 14:56:00	CABIN8	Camilla Binz				ProcessName - UnlockPCA - input : -CABIN8
240,,,30/09/2020 14:56:00	CABIN8	Camilla Binz				ProcessName - UnlockPCA - End
241,,,30/09/2020 14:56:41	CABIN8	Camilla Binz				ProcessName - CreatePCA - Start
242,,,30/09/2020 14:56:42	CABIN8	Camilla Binz				ProcessName - CreatePCA - End - 11407
243,,,30/09/2020 14:57:15	CABIN8	Camilla Binz				ProcessName - CreatePCA - Start
244,,,30/09/2020 14:57:15	CABIN8	Camilla Binz				ProcessName - CreatePCA - End - 11408
245,,,30/09/2020 14:58:45	CABIN8	Camilla Binz				ProcessName - LockPCA - input : 11386-CABIN8
246,,,30/09/2020 14:58:45	CABIN8	Camilla Binz				ProcessName - LockPCA - output : 0
247,,,30/09/2020 15:00:27	AMAK	kxlhbxhnh1gudxvqi3h0ojto				Logout - pages_pcahelp_aspx	Action : ctl00$TimedOut	Arg : 
248,,,30/09/2020 15:05:28	CABIN8	Camilla Binz				ProcessName - UnlockPCA - input : -CABIN8
249,,,30/09/2020 15:05:29	CABIN8	Camilla Binz				ProcessName - UnlockPCA - End
250,,,30/09/2020 15:06:34	CABIN8	Camilla Binz				ProcessName - UpdatePCA - Start PCA No:11386
251,,,30/09/2020 15:06:35	CABIN8	Camilla Binz				ProcessName - UpdatePCA - End
252,,,30/09/2020 15:06:53	CABIN8	Camilla Binz				ProcessName - LockPCA - input : 11386-CABIN8
253,,,30/09/2020 15:06:53	CABIN8	Camilla Binz				ProcessName - LockPCA - output : 0
254,,,30/09/2020 15:18:05	CABIN8	Camilla Binz				ProcessName - UnlockPCA - input : -CABIN8
255,,,30/09/2020 15:18:06	CABIN8	Camilla Binz				ProcessName - UnlockPCA - End
256,,,30/09/2020 15:19:36	CABIN8	Camilla Binz				ProcessName - UpdatePCA - Start PCA No:11386
257,,,30/09/2020 15:19:56	CABIN8	Camilla Binz				ProcessName - UpdatePCA - Start PCA No:11386
258,,,30/09/2020 15:19:56	CABIN8	Camilla Binz				ProcessName - UpdatePCA - End
259,,,30/09/2020 15:20:01	CABIN8	Camilla Binz				ProcessName - LockPCA - input : 11386-CABIN8
260,,,30/09/2020 15:20:01	CABIN8	Camilla Binz				ProcessName - LockPCA - output : 0
261,,,30/09/2020 15:21:03	OJSS	c0uetcxjxka4j55ropkhkro1				Logout - pages_pcahome_aspx	Action : ctl00$TimedOut	Arg : 
262,,,30/09/2020 15:21:03						ProcessName - UnlockPCA - input : -OJSS
263,,,30/09/2020 15:21:03						ProcessName - UnlockPCA - End
264,,,30/09/2020 15:21:11	LYSIU1	uuptlaqdvbpqkpqcb3nr5ia0				Logout - pages_pcahome_aspx	Action : ctl00$TimedOut	Arg : 
265,,,30/09/2020 15:21:11						ProcessName - UnlockPCA - input : -LYSIU1
266,,,30/09/2020 15:21:11						ProcessName - UnlockPCA - End
267,,,30/09/2020 15:24:21						ProcessName - UnlockPCA - input : -AMAK
268,,,30/09/2020 15:24:21						ProcessName - UnlockPCA - End
269,,,30/09/2020 15:24:25	AMAK	Ann-Margreth Andersson				ProcessName - ClearVODeletedOrder - Start
270,,,30/09/2020 15:24:31	AMAK	Ann-Margreth Andersson				ProcessName - ClearVODeletedOrder - End
271,,,30/09/2020 15:25:06	AMAK	Ann-Margreth Andersson				ProcessName - LockPCA - input : 07303-AMAK
272,,,30/09/2020 15:25:07	AMAK	Ann-Margreth Andersson				ProcessName - LockPCA - output : NOT OWNER
273,,,30/09/2020 15:25:26	CABIN8	Camilla Binz				ProcessName - SaveWhatAndHow-Save WHY and How data - Start PCA No:11386
274,,,30/09/2020 15:25:26	CABIN8	Camilla Binz				ProcessName - SaveWhatAndHow-Save WHY and How data - End
275,,,30/09/2020 15:27:04	CABIN8	Camilla Binz				ProcessName - SaveWhatAndHow-Save WHY and How data - Start PCA No:11386
276,,,30/09/2020 15:27:05	CABIN8	Camilla Binz				ProcessName - SaveWhatAndHow-Save WHY and How data - End
277,,,30/09/2020 15:27:37	NNJA	yb34ad2lssdcckkifou4jade				Logout - pages_pcahome_aspx	Action : ctl00$TimedOut	Arg : 
278,,,30/09/2020 15:27:37						ProcessName - UnlockPCA - input : -NNJA
279,,,30/09/2020 15:27:37						ProcessName - UnlockPCA - End
280,,,30/09/2020 15:27:57	NNJA	Anja Höhr Marion				ProcessName - ClearVODeletedOrder - Start
281,,,30/09/2020 15:28:01	NNJA	Anja Höhr Marion				ProcessName - ClearVODeletedOrder - End
282,,,30/09/2020 15:40:02	CABIN8	Camilla Binz				ProcessName - SaveWhatAndHow-Save WHY and How data - Start PCA No:11386
283,,,30/09/2020 15:40:02	CABIN8	Camilla Binz				ProcessName - SaveWhatAndHow-Save WHY and How data - End
284,,,30/09/2020 15:46:27	CABIN8	Camilla Binz				ProcessName - UnlockPCA - input : -CABIN8
285,,,30/09/2020 15:46:27	CABIN8	Camilla Binz				ProcessName - UnlockPCA - End
286,,,30/09/2020 15:47:14	CABIN8	Camilla Binz				ProcessName - LockPCA - input : 11386-CABIN8
287,,,30/09/2020 15:47:14	CABIN8	Camilla Binz				ProcessName - LockPCA - output : 0
288,,,30/09/2020 16:28:54	MAPET31	am1ozbshcttx5b0lu3t0wkgt				Logout - pages_pcahome_aspx	Action : ctl00$TimedOut	Arg : 
289,,,30/09/2020 16:28:54						ProcessName - UnlockPCA - input : -MAPET31
290,,,30/09/2020 16:28:54						ProcessName - UnlockPCA - End
291,,,30/09/2020 16:40:54	LIBJU2	Lisa Lidell				ProcessName - ClearVODeletedOrder - Start
292,,,30/09/2020 16:41:00	LIBJU2	Lisa Lidell				ProcessName - ClearVODeletedOrder - End
293,,,30/09/2020 16:53:48	CABIN8	efx3cnup4pxx3j00bh3afxcc				Logout - pages_pcahome_aspx	Action : ctl00$TimedOut	Arg : 
294,,,30/09/2020 16:53:48						ProcessName - UnlockPCA - input : -CABIN8
295,,,30/09/2020 16:53:48						ProcessName - UnlockPCA - End
296,,,30/09/2020 17:19:10	CABIN8	Camilla Binz				ProcessName - ClearVODeletedOrder - Start
297,,,30/09/2020 17:19:15	CABIN8	Camilla Binz				ProcessName - ClearVODeletedOrder - End
298,,,30/09/2020 17:24:27	AMAK	kxlhbxhnh1gudxvqi3h0ojto				Logout - pages_pcahome_aspx	Action : ctl00$TimedOut	Arg : 
299,,,30/09/2020 17:24:27						ProcessName - UnlockPCA - input : -AMAK
300,,,30/09/2020 17:24:27						ProcessName - UnlockPCA - End
301,,,30/09/2020 17:28:07	NNJA	yb34ad2lssdcckkifou4jade				Logout - pages_pcahome_aspx	Action : ctl00$TimedOut	Arg : 
302,,,30/09/2020 17:28:08						ProcessName - UnlockPCA - input : -NNJA
303,,,30/09/2020 17:28:08						ProcessName - UnlockPCA - End
