,07,08,09
0,28/09/2020 08:53:30	LYSIU1	Lya Siu Benavides				ProcessName - ClearVODeletedOrder - Start,29/09/2020 05:07:04	MAJOS4	Maria Jose Malpartida				ProcessName - ClearVODeletedOrder - Start,30/09/2020 00:48:33	BALAS2	Balashanmugam S				ProcessName - ClearVODeletedOrder - Start
1,28/09/2020 08:53:34	LYSIU1	Lya Siu Benavides				ProcessName - ClearVODeletedOrder - End,29/09/2020 05:07:11	MAJOS4	Maria Jose Malpartida				ProcessName - ClearVODeletedOrder - End,30/09/2020 00:48:37	BALAS2	Balashanmugam S				ProcessName - ClearVODeletedOrder - End
2,28/09/2020 09:32:22	ANJOH20	Angela Johansson				ProcessName - ClearVODeletedOrder - Start,29/09/2020 05:11:28	MAJOS4	Maria Jose Malpartida				ProcessName - Delete PCA - Start  PCA No:08803,30/09/2020 02:48:35	BALAS2	eypgb0rl3gimdvmmczbcv3mx				Logout - pages_pcahome_aspx	Action : ctl00$TimedOut	Arg : 
3,28/09/2020 09:32:27	ANJOH20	Angela Johansson				ProcessName - ClearVODeletedOrder - End,29/09/2020 05:11:29	MAJOS4	Maria Jose Malpartida				ProcessName - Delete PCA - End,30/09/2020 07:54:00						ProcessName - UnlockPCA - input : -AMAK
4,28/09/2020 09:32:34	ANJOH20	Angela Johansson				ProcessName - LockPCA - input : 10985-ANJOH20,29/09/2020 05:12:11	MAJOS4	Maria Jose Malpartida				ProcessName - UpdatePCA - Start PCA No:09243,30/09/2020 07:54:01						ProcessName - UnlockPCA - End
5,28/09/2020 09:32:35	ANJOH20	Angela Johansson				ProcessName - LockPCA - output : 0,29/09/2020 05:12:11	MAJOS4	Maria Jose Malpartida				ProcessName - UpdatePCA - End,30/09/2020 07:54:04	AMAK	Ann-Margreth Andersson				ProcessName - ClearVODeletedOrder - Start
6,28/09/2020 09:34:58	ANJOH20	Angela Johansson				ProcessName - UnlockPCA - input : -ANJOH20,29/09/2020 05:12:17	MAJOS4	Maria Jose Malpartida				ProcessName - LockPCA - input : 09103-MAJOS4,30/09/2020 07:54:08	AMAK	Ann-Margreth Andersson				ProcessName - ClearVODeletedOrder - End
7,28/09/2020 09:34:58	ANJOH20	Angela Johansson				ProcessName - UnlockPCA - End,29/09/2020 05:12:17	MAJOS4	Maria Jose Malpartida				ProcessName - LockPCA - output : 0,30/09/2020 07:54:12	AMAK	Ann-Margreth Andersson				ProcessName - ClearVODeletedOrder - Start
8,28/09/2020 09:35:06	ANJOH20	Angela Johansson				ProcessName - ClearVODeletedOrder - Start,29/09/2020 05:13:03	MAJOS4	Maria Jose Malpartida				ProcessName - SaveWhatAndHow-Save WHY and How data - Start PCA No:09103,30/09/2020 07:54:14	AMAK	Ann-Margreth Andersson				ProcessName - ClearVODeletedOrder - End
9,28/09/2020 09:35:09	ANJOH20	Angela Johansson				ProcessName - ClearVODeletedOrder - End,29/09/2020 05:13:05	MAJOS4	Maria Jose Malpartida				ProcessName - SaveWhatAndHow-Save WHY and How data - End,30/09/2020 08:40:32	LIBJU2	Lisa Lidell				ProcessName - ClearVODeletedOrder - Start
10,28/09/2020 10:53:33	LYSIU1	qp03p330saadqy3pnvnqh451				Logout - pages_pcahome_aspx	Action : ctl00$TimedOut	Arg : ,29/09/2020 05:13:05	MAJOS4	Maria Jose Malpartida				ProcessName - UnlockPCA - input : -MAJOS4,30/09/2020 08:40:36	LIBJU2	Lisa Lidell				ProcessName - ClearVODeletedOrder - End
11,28/09/2020 10:53:33						ProcessName - UnlockPCA - input : -LYSIU1,29/09/2020 05:13:05	MAJOS4	Maria Jose Malpartida				ProcessName - UnlockPCA - End,30/09/2020 08:51:45	LIBJU2	Lisa Lidell				ProcessName - ClearVODeletedOrder - Start
12,28/09/2020 10:53:34						ProcessName - UnlockPCA - End,29/09/2020 05:13:14	MAJOS4	Maria Jose Malpartida				ProcessName - LockPCA - input : 09903-MAJOS4,30/09/2020 08:51:49	LIBJU2	Lisa Lidell				ProcessName - ClearVODeletedOrder - End
13,28/09/2020 11:48:57						ProcessName - UnlockPCA - input : -ANJOH20,29/09/2020 05:13:15	MAJOS4	Maria Jose Malpartida				ProcessName - LockPCA - output : 0,30/09/2020 08:52:20	LIBJU2	Lisa Lidell				ProcessName - CreatePCA - Start
14,28/09/2020 11:48:57						ProcessName - UnlockPCA - End,29/09/2020 05:13:33	MAJOS4	Maria Jose Malpartida				ProcessName - UnlockPCA - input : -MAJOS4,30/09/2020 08:52:20	LIBJU2	Lisa Lidell				ProcessName - CreatePCA - End - PCA name already exists
15,28/09/2020 11:49:00	ANJOH20	Angela Johansson				ProcessName - ClearVODeletedOrder - Start,29/09/2020 05:13:33	MAJOS4	Maria Jose Malpartida				ProcessName - UnlockPCA - End,30/09/2020 08:52:23	KARAM1	Karthika Ramasamy				ProcessName - ClearVODeletedOrder - Start
16,28/09/2020 11:49:03	ANJOH20	Angela Johansson				ProcessName - ClearVODeletedOrder - End,29/09/2020 05:13:46	MAJOS4	Maria Jose Malpartida				ProcessName - Delete PCA - Start  PCA No:09103,30/09/2020 08:52:27	LIBJU2	Lisa Lidell				ProcessName - CreatePCA - Start
17,28/09/2020 11:49:29	ANJOH20	Angela Johansson				ProcessName - UpdatePCA - Start PCA No:09543,29/09/2020 05:13:48	MAJOS4	Maria Jose Malpartida				ProcessName - Delete PCA - End,30/09/2020 08:52:28	LIBJU2	Lisa Lidell				ProcessName - CreatePCA - End - 11285
18,28/09/2020 11:49:30	ANJOH20	Angela Johansson				ProcessName - UpdatePCA - End,29/09/2020 05:13:54	MAJOS4	Maria Jose Malpartida				ProcessName - Delete PCA - Start  PCA No:09243,30/09/2020 08:52:31	KARAM1	Karthika Ramasamy				ProcessName - UnlockPCA - input : -KARAM1
19,28/09/2020 11:49:34	ANJOH20	Angela Johansson				ProcessName - LockPCA - input : 09543-ANJOH20,29/09/2020 05:13:55	MAJOS4	Maria Jose Malpartida				ProcessName - Delete PCA - End,30/09/2020 08:52:31	KARAM1	Karthika Ramasamy				ProcessName - UnlockPCA - End
20,28/09/2020 11:49:34	ANJOH20	Angela Johansson				ProcessName - LockPCA - output : 0,29/09/2020 05:14:01	MAJOS4	Maria Jose Malpartida				ProcessName - Delete PCA - Start  PCA No:09083,30/09/2020 08:52:31	KARAM1	at4qq5ve0k3w3eahcv4slkiz				Logout - pages_pcahome_aspx	Action : ctl00$lnkLogOff	Arg : 
21,28/09/2020 11:49:54	ANJOH20	Angela Johansson				ProcessName - SaveWhatAndHow-Save WHY and How data - Start PCA No:09543,29/09/2020 05:14:02	MAJOS4	Maria Jose Malpartida				ProcessName - Delete PCA - End,30/09/2020 08:52:31						ProcessName - UnlockPCA - input : -KARAM1
22,28/09/2020 11:49:55	ANJOH20	Angela Johansson				ProcessName - SaveWhatAndHow-Save WHY and How data - End,29/09/2020 05:14:14	MAJOS4	Maria Jose Malpartida				ProcessName - Delete PCA - Start  PCA No:08043,30/09/2020 08:52:31						ProcessName - UnlockPCA - End
23,28/09/2020 11:50:49	ANJOH20	Angela Johansson				ProcessName - SaveProjInfo - Start,29/09/2020 05:14:15	MAJOS4	Maria Jose Malpartida				ProcessName - Delete PCA - End,30/09/2020 08:52:49	BALAS2	Balashanmugam S				ProcessName - ClearVODeletedOrder - Start
24,28/09/2020 11:50:49	ANJOH20	Angela Johansson				ProcessName - SaveProjInfo - end,29/09/2020 05:15:02	MAJOS4	Maria Jose Malpartida				ProcessName - Copy PCA - Start - copying  PCA No:09903,30/09/2020 08:52:52	BALAS2	Balashanmugam S				ProcessName - ClearVODeletedOrder - End
25,28/09/2020 13:49:05	ANJOH20	au1rq5vy0silqake43g4oq3e				Logout - pages_pcahome_aspx	Action : ctl00$TimedOut	Arg : ,29/09/2020 05:15:03	MAJOS4	Maria Jose Malpartida				ProcessName - Copy PCA - End - created  PCA No:11245,30/09/2020 08:53:09	LIBJU2	Lisa Lidell				ProcessName - LockPCA - input : 11285-LIBJU2
26,28/09/2020 13:49:05						ProcessName - UnlockPCA - input : -ANJOH20,29/09/2020 05:15:11	MAJOS4	Maria Jose Malpartida				ProcessName - LockPCA - input : 11245-MAJOS4,30/09/2020 08:53:09	LIBJU2	Lisa Lidell				ProcessName - LockPCA - output : 0
27,28/09/2020 13:49:05						ProcessName - UnlockPCA - End,29/09/2020 05:15:11	MAJOS4	Maria Jose Malpartida				ProcessName - LockPCA - output : 0,30/09/2020 08:57:30	MRFOS	Martin Frostensson				ProcessName - ClearVODeletedOrder - Start
28,28/09/2020 13:52:13	PAIZA1	Parisa Izadpanah				ProcessName - ClearVODeletedOrder - Start,29/09/2020 05:16:26	MAJOS4	Maria Jose Malpartida				ProcessName - SaveWhatAndHow-Save WHY and How data - Start PCA No:11245,30/09/2020 08:57:35	MRFOS	Martin Frostensson				ProcessName - ClearVODeletedOrder - End
29,28/09/2020 13:52:19	PAIZA1	Parisa Izadpanah				ProcessName - ClearVODeletedOrder - End,29/09/2020 05:16:26	MAJOS4	Maria Jose Malpartida				ProcessName - SaveWhatAndHow-Save WHY and How data - End,30/09/2020 08:57:50	MRFOS	Martin Frostensson				ProcessName - CreatePCA - Start
30,28/09/2020 13:58:39	PAIZA1	Parisa Izadpanah				ProcessName - UnlockPCA - input : -PAIZA1,29/09/2020 05:17:13	MAJOS4	Maria Jose Malpartida				ProcessName - SaveWhatAndHow-Save WHY and How data - Start PCA No:11245,30/09/2020 08:57:51	MRFOS	Martin Frostensson				ProcessName - CreatePCA - End - 11286
31,28/09/2020 13:58:39	PAIZA1	Parisa Izadpanah				ProcessName - UnlockPCA - End,29/09/2020 05:17:14	MAJOS4	Maria Jose Malpartida				ProcessName - SaveWhatAndHow-Save WHY and How data - End,30/09/2020 08:57:58	MRFOS	Martin Frostensson				ProcessName - Delete PCA - Start  PCA No:11286
32,28/09/2020 15:01:39	ANJOH20	Angela Johansson				ProcessName - ClearVODeletedOrder - Start,29/09/2020 05:20:22	MAJOS4	Maria Jose Malpartida				ProcessName - SaveItemConnections - Start PCA No:11245,30/09/2020 08:57:58	MRFOS	Martin Frostensson				ProcessName - Delete PCA - End
33,28/09/2020 15:01:43	ANJOH20	Angela Johansson				ProcessName - ClearVODeletedOrder - End,29/09/2020 05:20:22	MAJOS4	Maria Jose Malpartida				ProcessName - SaveItemConnections - End,30/09/2020 08:58:00	MRFOS	Martin Frostensson				ProcessName - UnlockPCA - input : -MRFOS
34,28/09/2020 15:02:07	ANJOH20	Angela Johansson				ProcessName - LockPCA - input : 08907-ANJOH20,29/09/2020 05:20:24	MAJOS4	Maria Jose Malpartida				ProcessName - SavePoReqInd - input : 11245,30/09/2020 08:58:00	MRFOS	Martin Frostensson				ProcessName - UnlockPCA - End
35,28/09/2020 15:02:07	ANJOH20	Angela Johansson				ProcessName - LockPCA - output : 0,29/09/2020 05:20:24	MAJOS4	Maria Jose Malpartida				ProcessName - SavePoReqInd - End,30/09/2020 09:11:06	LYSIU1	Lya Siu Benavides				ProcessName - ClearVODeletedOrder - Start
36,,29/09/2020 05:35:40	MAJOS4	Maria Jose Malpartida				ProcessName - SaveWhatAndHow-Save WHY and How data - Start PCA No:11245,30/09/2020 09:11:10	LYSIU1	Lya Siu Benavides				ProcessName - ClearVODeletedOrder - End
37,,29/09/2020 05:35:41	MAJOS4	Maria Jose Malpartida				ProcessName - SaveWhatAndHow-Save WHY and How data - End,30/09/2020 09:23:16	LIPE	Liselott Peterson				ProcessName - ClearVODeletedOrder - Start
38,,29/09/2020 05:54:59	MAJOS4	Maria Jose Malpartida				ProcessName - SaveWhatAndHow-Save WHY and How data - Start PCA No:11245,30/09/2020 09:23:18	LIPE	Liselott Peterson				ProcessName - ClearVODeletedOrder - End
39,,29/09/2020 05:55:00	MAJOS4	Maria Jose Malpartida				ProcessName - SaveWhatAndHow-Save WHY and How data - End,30/09/2020 09:23:42	LIPE	Liselott Peterson				ProcessName - UnlockPCA - input : -LIPE
40,,29/09/2020 06:02:51	MAJOS4	Maria Jose Malpartida				ProcessName - SaveWhatAndHow-Save WHY and How data - Start PCA No:11245,30/09/2020 09:23:42	LIPE	Liselott Peterson				ProcessName - UnlockPCA - End
41,,29/09/2020 06:02:51	MAJOS4	Maria Jose Malpartida				ProcessName - SaveWhatAndHow-Save WHY and How data - End,30/09/2020 09:34:55	AMAK	Ann-Margreth Andersson				ProcessName - ClearVODeletedOrder - Start
42,,29/09/2020 09:16:58	NNJA	Anja Höhr Marion				ProcessName - ClearVODeletedOrder - Start,30/09/2020 09:34:59	AMAK	Ann-Margreth Andersson				ProcessName - ClearVODeletedOrder - End
43,,29/09/2020 09:17:04	NNJA	Anja Höhr Marion				ProcessName - ClearVODeletedOrder - End,30/09/2020 09:47:25	MAPET31	Maja Petersson				ProcessName - ClearVODeletedOrder - Start
44,,29/09/2020 09:17:12	NNJA	Anja Höhr Marion				ProcessName - UnlockPCA - input : -NNJA,30/09/2020 09:47:31	MAPET31	Maja Petersson				ProcessName - ClearVODeletedOrder - End
45,,29/09/2020 09:17:12	NNJA	Anja Höhr Marion				ProcessName - UnlockPCA - End,30/09/2020 09:47:44	LIPE	Liselott Peterson				ProcessName - ClearVODeletedOrder - Start
46,,29/09/2020 09:17:12	NNJA	Anja Höhr Marion				ProcessName - UnlockPCA - input : -NNJA,30/09/2020 09:47:46	LIPE	Liselott Peterson				ProcessName - ClearVODeletedOrder - End
47,,29/09/2020 09:17:12	NNJA	Anja Höhr Marion				ProcessName - UnlockPCA - End,30/09/2020 09:48:50	MAPET31	Maja Petersson				ProcessName - CreatePCA - Start
48,,29/09/2020 09:17:19	MRFOS	Martin Frostensson				ProcessName - ClearVODeletedOrder - Start,30/09/2020 09:48:51	MAPET31	Maja Petersson				ProcessName - CreatePCA - End - 11305
49,,29/09/2020 09:17:22	MRFOS	Martin Frostensson				ProcessName - ClearVODeletedOrder - End,30/09/2020 09:49:06	MAPET31	Maja Petersson				ProcessName - LockPCA - input : 11305-MAPET31
50,,29/09/2020 09:18:20	MRFOS	Martin Frostensson				ProcessName - UnlockPCA - input : -MRFOS,30/09/2020 09:49:06	MAPET31	Maja Petersson				ProcessName - LockPCA - output : 0
51,,29/09/2020 09:18:20	MRFOS	Martin Frostensson				ProcessName - UnlockPCA - End,30/09/2020 10:40:40	LIBJU2	rgmx2soznougakfc01st0rfc				Logout - pages_pcahome_aspx	Action : ctl00$TimedOut	Arg : 
52,,29/09/2020 09:50:11	LIBJU2	Lisa Lidell				ProcessName - ClearVODeletedOrder - Start,30/09/2020 10:40:40						ProcessName - UnlockPCA - input : -LIBJU2
53,,29/09/2020 09:50:14	LIBJU2	Lisa Lidell				ProcessName - ClearVODeletedOrder - End,30/09/2020 10:40:40						ProcessName - UnlockPCA - End
54,,29/09/2020 10:25:43	NOIS	Lina Peterkvist				ProcessName - ClearVODeletedOrder - Start,30/09/2020 10:46:49						ProcessName - UnlockPCA - input : -LIBJU2
55,,29/09/2020 10:25:48	NOIS	Lina Peterkvist				ProcessName - ClearVODeletedOrder - End,30/09/2020 10:46:50						ProcessName - UnlockPCA - End
56,,29/09/2020 11:17:19	NNJA	0qqmh2d0h4vngwsznt4ogzwl				Logout - pages_pcaobjecttype_aspx	Action : ctl00$TimedOut	Arg : ,30/09/2020 10:46:53	LIBJU2	Lisa Lidell				ProcessName - ClearVODeletedOrder - Start
57,,29/09/2020 11:35:15	NOIS	Lina Peterkvist				ProcessName - CreatePCA - Start,30/09/2020 10:47:00	LIBJU2	Lisa Lidell				ProcessName - ClearVODeletedOrder - End
58,,29/09/2020 11:35:15	NOIS	Lina Peterkvist				ProcessName - CreatePCA - End - 11265,30/09/2020 10:52:50	BALAS2	at4qq5ve0k3w3eahcv4slkiz				Logout - pages_pcahome_aspx	Action : ctl00$TimedOut	Arg : 
59,,29/09/2020 11:35:46	NOIS	Lina Peterkvist				ProcessName - UpdatePCA - Start PCA No:11265,30/09/2020 10:52:50						ProcessName - UnlockPCA - input : -BALAS2
60,,29/09/2020 11:35:46	NOIS	Lina Peterkvist				ProcessName - UpdatePCA - End,30/09/2020 10:52:50						ProcessName - UnlockPCA - End
61,,29/09/2020 12:25:38	NOIS	4m33ckhecxtv4ooalknlrvsy				Logout - pages_pcahome_aspx	Action : ctl00$TimedOut	Arg : ,30/09/2020 11:11:04	LYSIU1	fsn1fpl4s5sdxzvxiltru3up				Logout - pages_pcahome_aspx	Action : ctl00$TimedOut	Arg : 
62,,29/09/2020 12:25:39						ProcessName - UnlockPCA - input : -NOIS,30/09/2020 11:11:04						ProcessName - UnlockPCA - input : -LYSIU1
63,,29/09/2020 12:25:39						ProcessName - UnlockPCA - End,30/09/2020 11:11:05						ProcessName - UnlockPCA - End
64,,29/09/2020 12:46:36	AMBER15	Amanda Berglund				ProcessName - ClearVODeletedOrder - Start,30/09/2020 11:34:59	AMAK	kxlhbxhnh1gudxvqi3h0ojto				Logout - pages_pcahome_aspx	Action : ctl00$TimedOut	Arg : 
65,,29/09/2020 12:46:41	AMBER15	Amanda Berglund				ProcessName - ClearVODeletedOrder - End,30/09/2020 11:34:59						ProcessName - UnlockPCA - input : -AMAK
66,,29/09/2020 12:50:18	MAPET31	Maja Petersson				ProcessName - ClearVODeletedOrder - Start,30/09/2020 11:34:59						ProcessName - UnlockPCA - End
67,,29/09/2020 12:50:20	MAPET31	Maja Petersson				ProcessName - ClearVODeletedOrder - End,30/09/2020 11:47:34	MAREN8	Malin Renemark				ProcessName - ClearVODeletedOrder - Start
68,,29/09/2020 12:50:22	MAPET31	Maja Petersson				ProcessName - ClearVODeletedOrder - Start,30/09/2020 11:47:35	MAPET31	4cfjqxsqptcejcvsnzgka4i3				Logout - pages_pcahome_aspx	Action : ctl00$TimedOut	Arg : 
69,,29/09/2020 12:50:25	MAPET31	Maja Petersson				ProcessName - ClearVODeletedOrder - End,30/09/2020 11:47:35						ProcessName - UnlockPCA - input : -MAPET31
70,,29/09/2020 13:00:08						ProcessName - UnlockPCA - input : -LIBJU2,30/09/2020 11:47:35						ProcessName - UnlockPCA - End
71,,29/09/2020 13:00:08						ProcessName - UnlockPCA - End,30/09/2020 11:47:39	MAREN8	Malin Renemark				ProcessName - ClearVODeletedOrder - End
72,,29/09/2020 13:00:16	LIBJU2	Lisa Lidell				ProcessName - ClearVODeletedOrder - Start,30/09/2020 11:47:43	LIPE	dabptlavmmzkrdtn2jngtnk2				Logout - pages_pcahome_aspx	Action : ctl00$TimedOut	Arg : 
73,,29/09/2020 13:00:20	LIBJU2	Lisa Lidell				ProcessName - ClearVODeletedOrder - End,30/09/2020 11:47:43						ProcessName - UnlockPCA - input : -LIPE
74,,29/09/2020 14:33:46	MAPET31	Maja Petersson				ProcessName - UnlockPCA - input : -MAPET31,30/09/2020 11:47:44						ProcessName - UnlockPCA - End
75,,29/09/2020 14:33:47	MAPET31	Maja Petersson				ProcessName - UnlockPCA - End,30/09/2020 11:49:28	MAREN8	Malin Renemark				ProcessName - CreatePCA - Start
76,,29/09/2020 14:33:51	MAPET31	Maja Petersson				ProcessName - ClearVODeletedOrder - Start,30/09/2020 11:49:28	MAREN8	Malin Renemark				ProcessName - CreatePCA - End - 11325
77,,29/09/2020 14:33:57	MAPET31	Maja Petersson				ProcessName - ClearVODeletedOrder - End,30/09/2020 11:50:01	MAREN8	Malin Renemark				ProcessName - LockPCA - input : 11325-MAREN8
78,,29/09/2020 14:35:22	OJSS	Maria Bergman				ProcessName - ClearVODeletedOrder - Start,30/09/2020 11:50:01	MAREN8	Malin Renemark				ProcessName - LockPCA - output : 0
79,,29/09/2020 14:35:25	OJSS	Maria Bergman				ProcessName - ClearVODeletedOrder - End,30/09/2020 11:55:28	MAREN8	Malin Renemark				ProcessName - ClearVODeletedOrder - Start
80,,29/09/2020 14:35:34	OJSS	Maria Bergman				ProcessName - LockPCA - input : 09023-OJSS,30/09/2020 11:55:31	MAREN8	Malin Renemark				ProcessName - ClearVODeletedOrder - End
81,,29/09/2020 14:35:34	OJSS	Maria Bergman				ProcessName - LockPCA - output : 0,30/09/2020 11:55:39	MAREN8	Malin Renemark				ProcessName - LockPCA - input : 11325-MAREN8
82,,29/09/2020 14:46:43	AMBER15	u3r4ktp51eequrv0edqoyzqc				Logout - pages_pcahome_aspx	Action : ctl00$TimedOut	Arg : ,30/09/2020 11:55:40	MAREN8	Malin Renemark				ProcessName - LockPCA - output : MAREN8
83,,29/09/2020 14:46:43						ProcessName - UnlockPCA - input : -AMBER15,30/09/2020 11:55:57	MAREN8	Malin Renemark				ProcessName - SaveProjInfo - Start
84,,29/09/2020 14:46:44						ProcessName - UnlockPCA - End,30/09/2020 11:55:57	MAREN8	Malin Renemark				ProcessName - SaveProjInfo - end
85,,29/09/2020 14:50:25	MAPET31	3gee334wjesiewdlhxenrajb				Logout - pages_pcahome_aspx	Action : ctl00$TimedOut	Arg : ,30/09/2020 11:55:59	MAREN8	Malin Renemark				ProcessName - SavePoReqInd - input : 11325
86,,29/09/2020 14:50:25						ProcessName - UnlockPCA - input : -MAPET31,30/09/2020 11:56:00	MAREN8	Malin Renemark				ProcessName - SavePoReqInd - End
87,,29/09/2020 14:50:25						ProcessName - UnlockPCA - End,30/09/2020 12:25:03	AMAK	Ann-Margreth Andersson				ProcessName - ClearVODeletedOrder - Start
88,,29/09/2020 15:00:17	LIBJU2	aorqlc3exkb1epdekoltqt5u				Logout - pages_pcahome_aspx	Action : ctl00$TimedOut	Arg : ,30/09/2020 12:25:07	AMAK	Ann-Margreth Andersson				ProcessName - ClearVODeletedOrder - End
89,,29/09/2020 15:00:17						ProcessName - UnlockPCA - input : -LIBJU2,30/09/2020 12:25:18	AMAK	Ann-Margreth Andersson				ProcessName - CreatePCA - Start
90,,29/09/2020 15:00:18						ProcessName - UnlockPCA - End,30/09/2020 12:25:19	AMAK	Ann-Margreth Andersson				ProcessName - CreatePCA - End - 11326
91,,29/09/2020 16:28:58						ProcessName - UnlockPCA - input : -MAPET31,30/09/2020 12:25:28	AMAK	Ann-Margreth Andersson				ProcessName - LockPCA - input : 11326-AMAK
92,,29/09/2020 16:28:58						ProcessName - UnlockPCA - End,30/09/2020 12:25:29	AMAK	Ann-Margreth Andersson				ProcessName - LockPCA - output : 0
93,,29/09/2020 16:29:00	MAPET31	Maja Petersson				ProcessName - ClearVODeletedOrder - Start,30/09/2020 12:26:19	AMAK	Ann-Margreth Andersson				ProcessName - SaveProjInfo - Start
94,,29/09/2020 16:29:04	MAPET31	Maja Petersson				ProcessName - ClearVODeletedOrder - End,30/09/2020 12:26:20	AMAK	Ann-Margreth Andersson				ProcessName - SaveProjInfo - end
95,,29/09/2020 19:05:34	BALAS2	Balashanmugam S				ProcessName - ClearVODeletedOrder - Start,30/09/2020 12:27:18	AMAK	Ann-Margreth Andersson				ProcessName - UnlockPCA - input : -AMAK
96,,29/09/2020 19:05:38	BALAS2	Balashanmugam S				ProcessName - ClearVODeletedOrder - End,30/09/2020 12:27:18	AMAK	Ann-Margreth Andersson				ProcessName - UnlockPCA - End
97,,29/09/2020 19:14:50	BALAS2	Balashanmugam S				ProcessName - UnlockPCA - input : -BALAS2,30/09/2020 12:27:36	AMAK	Ann-Margreth Andersson				ProcessName - UnlockPCA - input : -AMAK
98,,29/09/2020 19:14:50	BALAS2	Balashanmugam S				ProcessName - UnlockPCA - End,30/09/2020 12:27:37	AMAK	Ann-Margreth Andersson				ProcessName - UnlockPCA - End
99,,29/09/2020 19:16:17	BALAS2	Balashanmugam S				ProcessName - UnlockPCA - input : -BALAS2,30/09/2020 12:41:39	AMAK	Ann-Margreth Andersson				ProcessName - UnlockPCA - input : -AMAK
100,,29/09/2020 19:16:18	BALAS2	Balashanmugam S				ProcessName - UnlockPCA - End,30/09/2020 12:41:39	AMAK	Ann-Margreth Andersson				ProcessName - UnlockPCA - End
101,,29/09/2020 19:16:53	BALAS2	Balashanmugam S				ProcessName - UnlockPCA - input : -BALAS2,30/09/2020 12:45:36	AMAK	Ann-Margreth Andersson				ProcessName - LockPCA - input : 11326-AMAK
102,,29/09/2020 19:16:54	BALAS2	Balashanmugam S				ProcessName - UnlockPCA - End,30/09/2020 12:45:36	AMAK	Ann-Margreth Andersson				ProcessName - LockPCA - output : 0
103,,29/09/2020 19:17:47	BALAS2	Balashanmugam S				ProcessName - UnlockPCA - input : -BALAS2,30/09/2020 12:45:51	MAPET31	Maja Petersson				ProcessName - ClearVODeletedOrder - Start
104,,29/09/2020 19:17:47	BALAS2	Balashanmugam S				ProcessName - UnlockPCA - End,30/09/2020 12:45:55	MAPET31	Maja Petersson				ProcessName - ClearVODeletedOrder - End
105,,29/09/2020 19:18:05	BALAS2	Balashanmugam S				ProcessName - ClearVODeletedOrder - Start,30/09/2020 12:46:03	LIPE	Liselott Peterson				ProcessName - ClearVODeletedOrder - Start
106,,29/09/2020 19:18:07	BALAS2	Balashanmugam S				ProcessName - ClearVODeletedOrder - End,30/09/2020 12:46:05	LIPE	Liselott Peterson				ProcessName - ClearVODeletedOrder - End
107,,29/09/2020 19:19:38	BALAS2	Balashanmugam S				ProcessName - UnlockPCA - input : -BALAS2,30/09/2020 12:46:44	MAPET31	Maja Petersson				ProcessName - LockPCA - input : 11305-MAPET31
108,,29/09/2020 19:19:38	BALAS2	Balashanmugam S				ProcessName - UnlockPCA - End,30/09/2020 12:46:44	MAPET31	Maja Petersson				ProcessName - LockPCA - output : 0
109,,29/09/2020 19:20:11	BALAS2	Balashanmugam S				ProcessName - UnlockPCA - input : -BALAS2,30/09/2020 12:46:46	LIPE	Liselott Peterson				ProcessName - LockPCA - input : 09830-LIPE
110,,29/09/2020 19:20:11	BALAS2	Balashanmugam S				ProcessName - UnlockPCA - End,30/09/2020 12:46:47	LIPE	Liselott Peterson				ProcessName - LockPCA - output : 0
111,,29/09/2020 19:23:32	BALAS2	Balashanmugam S				ProcessName - ClearVODeletedOrder - Start,30/09/2020 12:47:24	MAPET31	Maja Petersson				ProcessName - SaveProjInfo - Start
112,,29/09/2020 19:23:34	BALAS2	Balashanmugam S				ProcessName - ClearVODeletedOrder - End,30/09/2020 12:47:27	LIPE	Liselott Peterson				ProcessName - SaveProjInfo - Start
113,,29/09/2020 19:25:12	BALAS2	Balashanmugam S				ProcessName - ClearVODeletedOrder - Start,30/09/2020 12:47:28	LIPE	Liselott Peterson				ProcessName - SaveProjInfo - end
114,,29/09/2020 19:25:14	BALAS2	Balashanmugam S				ProcessName - ClearVODeletedOrder - End,30/09/2020 12:51:28	AMAK	Ann-Margreth Andersson				ProcessName - SaveItemConnections - Start PCA No:11326
115,,29/09/2020 19:25:27	BALAS2	Balashanmugam S				ProcessName - GetVORankingInfo - Start,30/09/2020 12:51:28	AMAK	Ann-Margreth Andersson				ProcessName - SaveItemConnections - End
116,,29/09/2020 19:25:36	BALAS2	Balashanmugam S				ProcessName - GetVORankingInfo - End,30/09/2020 12:51:58	MAPET31	Maja Petersson				ProcessName - SaveProjInfo - Start
117,,29/09/2020 19:25:46	BALAS2	Balashanmugam S				ProcessName - GetExecuteOverView - Start,30/09/2020 12:51:58	MAPET31	Maja Petersson				ProcessName - SaveProjInfo - end
118,,29/09/2020 19:25:48	BALAS2	Balashanmugam S				ProcessName - GetExecuteOverView - End,30/09/2020 12:53:49	MAPET31	Maja Petersson				ProcessName - SaveProjInfo - Start
119,,29/09/2020 19:25:49	BALAS2	Balashanmugam S				ProcessName - GetExecuteOverView - Start,30/09/2020 12:53:50	MAPET31	Maja Petersson				ProcessName - SaveProjInfo - end
120,,29/09/2020 19:25:50	BALAS2	Balashanmugam S				ProcessName - GetExecuteOverView - End,30/09/2020 12:54:34	MAPET31	Maja Petersson				ProcessName - SaveProjInfo - Start
121,,29/09/2020 19:25:59	BALAS2	Balashanmugam S				ProcessName - GetExecuteOverView - Start,30/09/2020 12:54:34	MAPET31	Maja Petersson				ProcessName - SaveProjInfo - end
122,,29/09/2020 19:26:00	BALAS2	Balashanmugam S				ProcessName - GetExecuteOverView - End,30/09/2020 12:58:18	AMAK	Ann-Margreth Andersson				ProcessName - SaveWhatAndHow-Save WHY and How data - Start PCA No:11326
123,,29/09/2020 19:34:17	BALAS2	Balashanmugam S				ProcessName - ClearVODeletedOrder - Start,30/09/2020 12:58:18	AMAK	Ann-Margreth Andersson				ProcessName - SaveWhatAndHow-Save WHY and How data - End
124,,29/09/2020 19:34:19	BALAS2	Balashanmugam S				ProcessName - ClearVODeletedOrder - End,30/09/2020 13:01:41						ProcessName - UnlockPCA - input : -LIBJU2
125,,29/09/2020 20:37:59	AMAK	Ann-Margreth Andersson				ProcessName - ClearVODeletedOrder - Start,30/09/2020 13:01:41						ProcessName - UnlockPCA - End
126,,29/09/2020 20:38:02	AMAK	Ann-Margreth Andersson				ProcessName - ClearVODeletedOrder - End,30/09/2020 13:06:29	RELEI3	Reeta Leikangbam				ProcessName - ClearVODeletedOrder - Start
127,,29/09/2020 20:46:27	AMAK	Ann-Margreth Andersson				ProcessName - UnlockPCA - input : -AMAK,30/09/2020 13:06:34	RELEI3	Reeta Leikangbam				ProcessName - ClearVODeletedOrder - End
128,,29/09/2020 20:46:28	AMAK	Ann-Margreth Andersson				ProcessName - UnlockPCA - End,30/09/2020 13:09:27	RELEI3	Reeta Leikangbam				ProcessName - CreatePCA - Start
129,,29/09/2020 22:53:28	BALAS2	Balashanmugam S				ProcessName - ClearVODeletedOrder - Start,30/09/2020 13:09:29	RELEI3	Reeta Leikangbam				ProcessName - CreatePCA - End - 11345
130,,29/09/2020 22:53:31	BALAS2	Balashanmugam S				ProcessName - ClearVODeletedOrder - End,30/09/2020 13:09:37	RELEI3	Reeta Leikangbam				ProcessName - LockPCA - input : 11345-RELEI3
131,,,30/09/2020 13:09:37	RELEI3	Reeta Leikangbam				ProcessName - LockPCA - output : 0
132,,,30/09/2020 13:10:14	AMAK	Ann-Margreth Andersson				ProcessName - SaveWhatAndHow-Save WHY and How data - Start PCA No:11326
133,,,30/09/2020 13:10:14	AMAK	Ann-Margreth Andersson				ProcessName - SaveWhatAndHow-Save WHY and How data - End
134,,,30/09/2020 13:20:30	MAPET31	Maja Petersson				ProcessName - SaveWhatAndHow-Save WHY and How data - Start PCA No:11305
135,,,30/09/2020 13:20:51	MAPET31	Maja Petersson				ProcessName - SaveWhatAndHow-Save WHY and How data - Start PCA No:11305
136,,,30/09/2020 13:20:56	OJSS	Maria Bergman				ProcessName - ClearVODeletedOrder - Start
137,,,30/09/2020 13:21:02	OJSS	Maria Bergman				ProcessName - ClearVODeletedOrder - End
138,,,30/09/2020 13:21:05	LYSIU1	Lya Siu Benavides				ProcessName - ClearVODeletedOrder - Start
139,,,30/09/2020 13:21:08	LYSIU1	Lya Siu Benavides				ProcessName - ClearVODeletedOrder - End
140,,,30/09/2020 13:21:09	OJSS	Maria Bergman				ProcessName - LockPCA - input : 08566-OJSS
141,,,30/09/2020 13:21:09	OJSS	Maria Bergman				ProcessName - LockPCA - output : 0
142,,,30/09/2020 13:21:21	MAPET31	Maja Petersson				ProcessName - SaveWhatAndHow-Save WHY and How data - Start PCA No:11305
143,,,30/09/2020 13:21:45	LIPE	Liselott Peterson				ProcessName - SaveWhatAndHow-Save WHY and How data - Start PCA No:09830
144,,,30/09/2020 13:21:45	LIPE	Liselott Peterson				ProcessName - SaveWhatAndHow-Save WHY and How data - End
145,,,30/09/2020 13:21:49	LYSIU1	Lya Siu Benavides				ProcessName - CreatePCA - Start
146,,,30/09/2020 13:21:49	LYSIU1	Lya Siu Benavides				ProcessName - CreatePCA - End - 11365
147,,,30/09/2020 13:23:16	MAPET31	Maja Petersson				ProcessName - SaveWhatAndHow-Save WHY and How data - Start PCA No:11305
148,,,30/09/2020 13:23:21	MAPET31	Maja Petersson				ProcessName - SaveWhatAndHow-Save WHY and How data - Start PCA No:11305
149,,,30/09/2020 13:25:30	MAPET31	Maja Petersson				ProcessName - SaveWhatAndHow-Save WHY and How data - Start PCA No:11305
150,,,30/09/2020 13:25:40	MAPET31	Maja Petersson				ProcessName - SaveWhatAndHow-Save WHY and How data - Start PCA No:11305
151,,,30/09/2020 13:25:51	MAPET31	Maja Petersson				ProcessName - UnlockPCA - input : -MAPET31
152,,,30/09/2020 13:25:51	MAPET31	Maja Petersson				ProcessName - UnlockPCA - End
153,,,30/09/2020 13:25:55	MAPET31	Maja Petersson				ProcessName - ClearVODeletedOrder - Start
154,,,30/09/2020 13:26:00	MAPET31	Maja Petersson				ProcessName - ClearVODeletedOrder - End
155,,,30/09/2020 13:26:06	MAPET31	Maja Petersson				ProcessName - LockPCA - input : 11305-MAPET31
156,,,30/09/2020 13:26:06	MAPET31	Maja Petersson				ProcessName - LockPCA - output : 0
157,,,30/09/2020 13:26:25	NNJA	Anja Höhr Marion				ProcessName - ClearVODeletedOrder - Start
158,,,30/09/2020 13:26:37	MAPET31	Maja Petersson				ProcessName - SaveProjInfo - Start
159,,,30/09/2020 13:26:44	NNJA	Anja Höhr Marion				ProcessName - ClearVODeletedOrder - End
160,,,30/09/2020 13:26:51	NNJA	Anja Höhr Marion				ProcessName - ClearVODeletedOrder - Start
161,,,30/09/2020 13:26:53	NNJA	Anja Höhr Marion				ProcessName - ClearVODeletedOrder - End
162,,,30/09/2020 13:27:01	NNJA	Anja Höhr Marion				ProcessName - UnlockPCA - input : -NNJA
163,,,30/09/2020 13:27:01	NNJA	Anja Höhr Marion				ProcessName - UnlockPCA - End
164,,,30/09/2020 13:27:23	NNJA	Anja Höhr Marion				ProcessName - ClearVODeletedOrder - Start
165,,,30/09/2020 13:27:31	NNJA	Anja Höhr Marion				ProcessName - ClearVODeletedOrder - End
166,,,30/09/2020 13:30:04	LYSIU1	Lya Siu Benavides				ProcessName - CreatePCA - Start
167,,,30/09/2020 13:30:05	LYSIU1	Lya Siu Benavides				ProcessName - CreatePCA - End - 11346
168,,,30/09/2020 13:31:14	LIPE	Liselott Peterson				ProcessName - UnlockPCA - input : -LIPE
169,,,30/09/2020 13:31:14	LIPE	Liselott Peterson				ProcessName - UnlockPCA - End
170,,,30/09/2020 13:32:38	MAPET31	Maja Petersson				ProcessName - SaveWhatAndHow-Save WHY and How data - Start PCA No:11305
171,,,30/09/2020 13:33:10	LYSIU1	Lya Siu Benavides				ProcessName - CreatePCA - Start
172,,,30/09/2020 13:33:10	LYSIU1	Lya Siu Benavides				ProcessName - CreatePCA - End - 11347
173,,,30/09/2020 13:42:15	MAPET31	Maja Petersson				ProcessName - SaveWhatAndHow-Save WHY and How data - Start PCA No:11305
174,,,30/09/2020 13:42:16	MAPET31	Maja Petersson				ProcessName - UnlockPCA - input : -MAPET31
175,,,30/09/2020 13:42:16	MAPET31	Maja Petersson				ProcessName - UnlockPCA - End
176,,,30/09/2020 13:42:20	MAPET31	Maja Petersson				ProcessName - UnlockPCA - input : -MAPET31
177,,,30/09/2020 13:42:21	MAPET31	Maja Petersson				ProcessName - UnlockPCA - End
178,,,30/09/2020 13:42:31	MAPET31	Maja Petersson				ProcessName - ClearVODeletedOrder - Start
179,,,30/09/2020 13:42:34	MAPET31	Maja Petersson				ProcessName - ClearVODeletedOrder - End
180,,,30/09/2020 13:42:42	MAPET31	Maja Petersson				ProcessName - LockPCA - input : 11305-MAPET31
181,,,30/09/2020 13:42:42	MAPET31	Maja Petersson				ProcessName - LockPCA - output : 0
182,,,30/09/2020 13:43:12	MAPET31	Maja Petersson				ProcessName - SaveProjInfo - Start
183,,,30/09/2020 13:43:31	AMAK	Ann-Margreth Andersson				ProcessName - UnlockPCA - input : -AMAK
184,,,30/09/2020 13:43:32	AMAK	Ann-Margreth Andersson				ProcessName - UnlockPCA - End
185,,,30/09/2020 13:43:41	MAPET31	Maja Petersson				ProcessName - SaveWhatAndHow-Save WHY and How data - Start PCA No:11305
186,,,30/09/2020 13:44:50	LIPE	Liselott Peterson				ProcessName - LockPCA - input : 05607-LIPE
187,,,30/09/2020 13:44:50	LIPE	Liselott Peterson				ProcessName - LockPCA - output : 0
188,,,30/09/2020 13:55:32	MAREN8	0rypfyfgzjbf2g51i0e2y1vr				Logout - pages_pcahome_aspx	Action : ctl00$TimedOut	Arg : 
189,,,30/09/2020 13:55:32						ProcessName - UnlockPCA - input : -MAREN8
190,,,30/09/2020 13:55:33						ProcessName - UnlockPCA - End
191,,,30/09/2020 13:59:18	AMAK	Ann-Margreth Andersson				ProcessName - LockPCA - input : 06083-AMAK
192,,,30/09/2020 13:59:18	AMAK	Ann-Margreth Andersson				ProcessName - LockPCA - output : NOT OWNER
193,,,30/09/2020 14:02:36	AMAK	Ann-Margreth Andersson				ProcessName - UnlockPCA - input : -AMAK
194,,,30/09/2020 14:02:36	AMAK	Ann-Margreth Andersson				ProcessName - UnlockPCA - End
195,,,30/09/2020 14:05:28	MAPET31	Maja Petersson				ProcessName - UnlockPCA - input : -MAPET31
196,,,30/09/2020 14:05:28	MAPET31	Maja Petersson				ProcessName - UnlockPCA - End
197,,,30/09/2020 14:05:30	MAPET31	Maja Petersson				ProcessName - ClearVODeletedOrder - Start
198,,,30/09/2020 14:05:37	MAPET31	Maja Petersson				ProcessName - ClearVODeletedOrder - End
199,,,30/09/2020 14:05:45						ProcessName - UnlockPCA - input : -MAREN8
200,,,30/09/2020 14:05:45						ProcessName - UnlockPCA - End
201,,,30/09/2020 14:05:46	MAREN8	Malin Renemark				ProcessName - ClearVODeletedOrder - Start
202,,,30/09/2020 14:05:49	MAREN8	Malin Renemark				ProcessName - ClearVODeletedOrder - End
203,,,30/09/2020 14:07:00	AMAK	Ann-Margreth Andersson				ProcessName - UnlockPCA - input : -AMAK
204,,,30/09/2020 14:07:01	AMAK	Ann-Margreth Andersson				ProcessName - UnlockPCA - End
205,,,30/09/2020 14:10:06	AMAK	Ann-Margreth Andersson				ProcessName - LockPCA - input : 07624-AMAK
206,,,30/09/2020 14:10:06	AMAK	Ann-Margreth Andersson				ProcessName - LockPCA - output : NOT OWNER
207,,,30/09/2020 14:10:34	AMAK	Ann-Margreth Andersson				ProcessName - UnlockPCA - input : -AMAK
208,,,30/09/2020 14:10:34	AMAK	Ann-Margreth Andersson				ProcessName - UnlockPCA - End
209,,,30/09/2020 14:10:49	AMAK	Ann-Margreth Andersson				ProcessName - LockPCA - input : 09443-AMAK
210,,,30/09/2020 14:10:49	AMAK	Ann-Margreth Andersson				ProcessName - LockPCA - output : NOT OWNER
211,,,30/09/2020 14:11:11	AMAK	Ann-Margreth Andersson				ProcessName - UnlockPCA - input : -AMAK
212,,,30/09/2020 14:11:12	AMAK	Ann-Margreth Andersson				ProcessName - UnlockPCA - End
213,,,30/09/2020 14:14:03	MAPET31	Maja Petersson				ProcessName - UnlockPCA - input : -MAPET31
214,,,30/09/2020 14:14:04	MAPET31	Maja Petersson				ProcessName - UnlockPCA - End
215,,,30/09/2020 14:25:03	AMAK	kxlhbxhnh1gudxvqi3h0ojto				Logout - pages_pcahome_aspx	Action : ctl00$TimedOut	Arg : 
216,,,30/09/2020 14:25:03						ProcessName - UnlockPCA - input : -AMAK
217,,,30/09/2020 14:25:04						ProcessName - UnlockPCA - End
218,,,30/09/2020 14:28:45	MAPET31	Maja Petersson				ProcessName - ClearVODeletedOrder - Start
219,,,30/09/2020 14:28:50	MAPET31	Maja Petersson				ProcessName - ClearVODeletedOrder - End
220,,,30/09/2020 14:29:15	MAPET31	Maja Petersson				ProcessName - UpdatePCA - Start PCA No:11305
221,,,30/09/2020 14:29:16	MAPET31	Maja Petersson				ProcessName - UpdatePCA - End
222,,,30/09/2020 14:31:17	MAPET31	Maja Petersson				ProcessName - CreatePCA - Start
223,,,30/09/2020 14:31:17	MAPET31	Maja Petersson				ProcessName - CreatePCA - End - 11385
224,,,30/09/2020 14:31:57	MAPET31	Maja Petersson				ProcessName - CreatePCA - Start
225,,,30/09/2020 14:31:58	MAPET31	Maja Petersson				ProcessName - CreatePCA - End - 11405
226,,,30/09/2020 14:33:04	MAPET31	Maja Petersson				ProcessName - CreatePCA - Start
227,,,30/09/2020 14:33:04	MAPET31	Maja Petersson				ProcessName - CreatePCA - End - 11406
228,,,30/09/2020 14:46:08	LIPE	mdgrtj5jtbjsdeeth10ykyra				Logout - pages_pcahome_aspx	Action : ctl00$TimedOut	Arg : 
229,,,30/09/2020 14:46:08						ProcessName - UnlockPCA - input : -LIPE
230,,,30/09/2020 14:46:08						ProcessName - UnlockPCA - End
231,,,30/09/2020 14:51:16	AMAK	Ann-Margreth Andersson				ProcessName - ClearVODeletedOrder - Start
232,,,30/09/2020 14:51:23	AMAK	Ann-Margreth Andersson				ProcessName - ClearVODeletedOrder - End
233,,,30/09/2020 14:53:47	CABIN8	Camilla Binz				ProcessName - ClearVODeletedOrder - Start
234,,,30/09/2020 14:53:49	CABIN8	Camilla Binz				ProcessName - ClearVODeletedOrder - End
235,,,30/09/2020 14:54:59	CABIN8	Camilla Binz				ProcessName - CreatePCA - Start
236,,,30/09/2020 14:55:00	CABIN8	Camilla Binz				ProcessName - CreatePCA - End - 11386
237,,,30/09/2020 14:55:24	CABIN8	Camilla Binz				ProcessName - LockPCA - input : 11386-CABIN8
238,,,30/09/2020 14:55:24	CABIN8	Camilla Binz				ProcessName - LockPCA - output : 0
239,,,30/09/2020 14:56:00	CABIN8	Camilla Binz				ProcessName - UnlockPCA - input : -CABIN8
240,,,30/09/2020 14:56:00	CABIN8	Camilla Binz				ProcessName - UnlockPCA - End
241,,,30/09/2020 14:56:41	CABIN8	Camilla Binz				ProcessName - CreatePCA - Start
242,,,30/09/2020 14:56:42	CABIN8	Camilla Binz				ProcessName - CreatePCA - End - 11407
243,,,30/09/2020 14:57:15	CABIN8	Camilla Binz				ProcessName - CreatePCA - Start
244,,,30/09/2020 14:57:15	CABIN8	Camilla Binz				ProcessName - CreatePCA - End - 11408
245,,,30/09/2020 14:58:45	CABIN8	Camilla Binz				ProcessName - LockPCA - input : 11386-CABIN8
246,,,30/09/2020 14:58:45	CABIN8	Camilla Binz				ProcessName - LockPCA - output : 0
247,,,30/09/2020 15:00:27	AMAK	kxlhbxhnh1gudxvqi3h0ojto				Logout - pages_pcahelp_aspx	Action : ctl00$TimedOut	Arg : 
248,,,30/09/2020 15:05:28	CABIN8	Camilla Binz				ProcessName - UnlockPCA - input : -CABIN8
249,,,30/09/2020 15:05:29	CABIN8	Camilla Binz				ProcessName - UnlockPCA - End
250,,,30/09/2020 15:06:34	CABIN8	Camilla Binz				ProcessName - UpdatePCA - Start PCA No:11386
251,,,30/09/2020 15:06:35	CABIN8	Camilla Binz				ProcessName - UpdatePCA - End
252,,,30/09/2020 15:06:53	CABIN8	Camilla Binz				ProcessName - LockPCA - input : 11386-CABIN8
253,,,30/09/2020 15:06:53	CABIN8	Camilla Binz				ProcessName - LockPCA - output : 0
254,,,30/09/2020 15:18:05	CABIN8	Camilla Binz				ProcessName - UnlockPCA - input : -CABIN8
255,,,30/09/2020 15:18:06	CABIN8	Camilla Binz				ProcessName - UnlockPCA - End
256,,,30/09/2020 15:19:36	CABIN8	Camilla Binz				ProcessName - UpdatePCA - Start PCA No:11386
257,,,30/09/2020 15:19:56	CABIN8	Camilla Binz				ProcessName - UpdatePCA - Start PCA No:11386
258,,,30/09/2020 15:19:56	CABIN8	Camilla Binz				ProcessName - UpdatePCA - End
259,,,30/09/2020 15:20:01	CABIN8	Camilla Binz				ProcessName - LockPCA - input : 11386-CABIN8
260,,,30/09/2020 15:20:01	CABIN8	Camilla Binz				ProcessName - LockPCA - output : 0
261,,,30/09/2020 15:21:03	OJSS	c0uetcxjxka4j55ropkhkro1				Logout - pages_pcahome_aspx	Action : ctl00$TimedOut	Arg : 
262,,,30/09/2020 15:21:03						ProcessName - UnlockPCA - input : -OJSS
263,,,30/09/2020 15:21:03						ProcessName - UnlockPCA - End
264,,,30/09/2020 15:21:11	LYSIU1	uuptlaqdvbpqkpqcb3nr5ia0				Logout - pages_pcahome_aspx	Action : ctl00$TimedOut	Arg : 
265,,,30/09/2020 15:21:11						ProcessName - UnlockPCA - input : -LYSIU1
266,,,30/09/2020 15:21:11						ProcessName - UnlockPCA - End
267,,,30/09/2020 15:24:21						ProcessName - UnlockPCA - input : -AMAK
268,,,30/09/2020 15:24:21						ProcessName - UnlockPCA - End
269,,,30/09/2020 15:24:25	AMAK	Ann-Margreth Andersson				ProcessName - ClearVODeletedOrder - Start
270,,,30/09/2020 15:24:31	AMAK	Ann-Margreth Andersson				ProcessName - ClearVODeletedOrder - End
271,,,30/09/2020 15:25:06	AMAK	Ann-Margreth Andersson				ProcessName - LockPCA - input : 07303-AMAK
272,,,30/09/2020 15:25:07	AMAK	Ann-Margreth Andersson				ProcessName - LockPCA - output : NOT OWNER
273,,,30/09/2020 15:25:26	CABIN8	Camilla Binz				ProcessName - SaveWhatAndHow-Save WHY and How data - Start PCA No:11386
274,,,30/09/2020 15:25:26	CABIN8	Camilla Binz				ProcessName - SaveWhatAndHow-Save WHY and How data - End
275,,,30/09/2020 15:27:04	CABIN8	Camilla Binz				ProcessName - SaveWhatAndHow-Save WHY and How data - Start PCA No:11386
276,,,30/09/2020 15:27:05	CABIN8	Camilla Binz				ProcessName - SaveWhatAndHow-Save WHY and How data - End
277,,,30/09/2020 15:27:37	NNJA	yb34ad2lssdcckkifou4jade				Logout - pages_pcahome_aspx	Action : ctl00$TimedOut	Arg : 
278,,,30/09/2020 15:27:37						ProcessName - UnlockPCA - input : -NNJA
279,,,30/09/2020 15:27:37						ProcessName - UnlockPCA - End
280,,,30/09/2020 15:27:57	NNJA	Anja Höhr Marion				ProcessName - ClearVODeletedOrder - Start
281,,,30/09/2020 15:28:01	NNJA	Anja Höhr Marion				ProcessName - ClearVODeletedOrder - End
282,,,30/09/2020 15:40:02	CABIN8	Camilla Binz				ProcessName - SaveWhatAndHow-Save WHY and How data - Start PCA No:11386
283,,,30/09/2020 15:40:02	CABIN8	Camilla Binz				ProcessName - SaveWhatAndHow-Save WHY and How data - End
284,,,30/09/2020 15:46:27	CABIN8	Camilla Binz				ProcessName - UnlockPCA - input : -CABIN8
285,,,30/09/2020 15:46:27	CABIN8	Camilla Binz				ProcessName - UnlockPCA - End
286,,,30/09/2020 15:47:14	CABIN8	Camilla Binz				ProcessName - LockPCA - input : 11386-CABIN8
287,,,30/09/2020 15:47:14	CABIN8	Camilla Binz				ProcessName - LockPCA - output : 0
288,,,30/09/2020 16:28:54	MAPET31	am1ozbshcttx5b0lu3t0wkgt				Logout - pages_pcahome_aspx	Action : ctl00$TimedOut	Arg : 
289,,,30/09/2020 16:28:54						ProcessName - UnlockPCA - input : -MAPET31
290,,,30/09/2020 16:28:54						ProcessName - UnlockPCA - End
291,,,30/09/2020 16:40:54	LIBJU2	Lisa Lidell				ProcessName - ClearVODeletedOrder - Start
292,,,30/09/2020 16:41:00	LIBJU2	Lisa Lidell				ProcessName - ClearVODeletedOrder - End
293,,,30/09/2020 16:53:48	CABIN8	efx3cnup4pxx3j00bh3afxcc				Logout - pages_pcahome_aspx	Action : ctl00$TimedOut	Arg : 
294,,,30/09/2020 16:53:48						ProcessName - UnlockPCA - input : -CABIN8
295,,,30/09/2020 16:53:48						ProcessName - UnlockPCA - End
296,,,30/09/2020 17:19:10	CABIN8	Camilla Binz				ProcessName - ClearVODeletedOrder - Start
297,,,30/09/2020 17:19:15	CABIN8	Camilla Binz				ProcessName - ClearVODeletedOrder - End
298,,,30/09/2020 17:24:27	AMAK	kxlhbxhnh1gudxvqi3h0ojto				Logout - pages_pcahome_aspx	Action : ctl00$TimedOut	Arg : 
299,,,30/09/2020 17:24:27						ProcessName - UnlockPCA - input : -AMAK
300,,,30/09/2020 17:24:27						ProcessName - UnlockPCA - End
301,,,30/09/2020 17:28:07	NNJA	yb34ad2lssdcckkifou4jade				Logout - pages_pcahome_aspx	Action : ctl00$TimedOut	Arg : 
302,,,30/09/2020 17:28:08						ProcessName - UnlockPCA - input : -NNJA
303,,,30/09/2020 17:28:08						ProcessName - UnlockPCA - End
